Publication / Source,Source,Target,Thematique,Periode
La Ruse,1,25,Amitié,"Années 50 (Le ""Ghetto intellectuel"")"
La Ruse,1,107,Amitié,"Années 50 (Le ""Ghetto intellectuel"")"
La Ruse,1,30,Littérature,"Années 50 (Le ""Ghetto intellectuel"")"
La Ruse,1,31,Littérature,"Années 50 (Le ""Ghetto intellectuel"")"
La Ruse,1,124,Revue Cause Commune,60's - 70's (Tours)
La Ruse,1,127,Revue Cause Commune,60's - 70's (Tours)
La Ruse,1,95,Revue Cause Commune,60's - 70's (Tours)
La Ruse,127,124,Revue Cause Commune,60's - 70's (Tours)
La Ruse,95,124,Revue Cause Commune,60's - 70's (Tours)
La Ruse,126,124,Revue Cause Commune,60's - 70's (Tours)
La Ruse,126,95,Revue Cause Commune,60's - 70's (Tours)
La Ruse,95,127,Revue Cause Commune,60's - 70's (Tours)
La Ruse,124,1,La Rochelle,1990-2000's
La Ruse,1,130,Sentimental,1990-2000's
La Ruse,1,223,Sentimental,1990-2000's
La Ruse,130,223,Sentimental,1990-2000's
La Ruse,1,123,Amitié,Sans
La Ruse,1,121,Cinéma,60's - 70's (Tours)
La Ruse,1,120,Cinéma,60's - 70's (Tours)
La Ruse,1,130,Sentimental,Sans
La Ruse,1,215,Amitié,Sans
La Ruse,1,223,Famille,Sans
La Ruse,1,227,Rencontre ephemere,Sans
La Ruse,1,228,Rencontre ephemere,Sans
La Ruse,2,174,Amitié,60's - 70's (Tours)
La Ruse,1,60,Théâtre,"Années 50 (Le ""Ghetto intellectuel"")"
La Ruse,1,65,Théâtre,"Années 50 (Le ""Ghetto intellectuel"")"
La Ruse,1,3,Théâtre,"Années 50 (Le ""Ghetto intellectuel"")"
La Ruse,60,65,Théâtre,"Années 50 (Le ""Ghetto intellectuel"")"
La Ruse,60,3,Théâtre,"Années 50 (Le ""Ghetto intellectuel"")"
La Ruse,65,3,Théâtre,"Années 50 (Le ""Ghetto intellectuel"")"
La Ruse,1,75,Théâtre,"Années 50 (Le ""Ghetto intellectuel"")"
La Ruse,1,58,Théâtre,"Années 50 (Le ""Ghetto intellectuel"")"
La Ruse,58,75,Théâtre,"Années 50 (Le ""Ghetto intellectuel"")"
La Ruse,1,152,Théâtre,"Années 50 (Le ""Ghetto intellectuel"")"
La Ruse,1,60,Théâtre,"Années 50 (Le ""Ghetto intellectuel"")"
La Ruse,1,169,Théâtre,"Années 50 (Le ""Ghetto intellectuel"")"
La Ruse,1,62,Théâtre,"Années 50 (Le ""Ghetto intellectuel"")"
La Ruse,1,66,Théâtre,"Années 50 (Le ""Ghetto intellectuel"")"
La Ruse,1,58,Théâtre,"Années 50 (Le ""Ghetto intellectuel"")"
La Ruse,152,60,Théâtre,"Années 50 (Le ""Ghetto intellectuel"")"
La Ruse,152,169,Théâtre,"Années 50 (Le ""Ghetto intellectuel"")"
La Ruse,152,62,Théâtre,"Années 50 (Le ""Ghetto intellectuel"")"
La Ruse,152,66,Théâtre,"Années 50 (Le ""Ghetto intellectuel"")"
La Ruse,152,58,Théâtre,"Années 50 (Le ""Ghetto intellectuel"")"
La Ruse,60,169,Théâtre,"Années 50 (Le ""Ghetto intellectuel"")"
La Ruse,60,62,Théâtre,"Années 50 (Le ""Ghetto intellectuel"")"
La Ruse,60,66,Théâtre,"Années 50 (Le ""Ghetto intellectuel"")"
La Ruse,60,58,Théâtre,"Années 50 (Le ""Ghetto intellectuel"")"
La Ruse,62,66,Théâtre,"Années 50 (Le ""Ghetto intellectuel"")"
La Ruse,62,58,Théâtre,"Années 50 (Le ""Ghetto intellectuel"")"
La Ruse,66,58,Théâtre,"Années 50 (Le ""Ghetto intellectuel"")"
La Ruse,1,58,Théâtre - Marée Basse,"Années 50 (Le ""Ghetto intellectuel"")"
La Ruse,1,76,Théâtre - Marée Basse,"Années 50 (Le ""Ghetto intellectuel"")"
La Ruse,1,79,Théâtre - Marée Basse,"Années 50 (Le ""Ghetto intellectuel"")"
La Ruse,1,224,Théâtre - Marée Basse,"Années 50 (Le ""Ghetto intellectuel"")"
La Ruse,1,25,Théâtre - Marée Basse,"Années 50 (Le ""Ghetto intellectuel"")"
La Ruse,76,79,Théâtre - Marée Basse,"Années 50 (Le ""Ghetto intellectuel"")"
La Ruse,76,224,Théâtre - Marée Basse,"Années 50 (Le ""Ghetto intellectuel"")"
La Ruse,76,25,Théâtre - Marée Basse,"Années 50 (Le ""Ghetto intellectuel"")"
La Ruse,224,25,Théâtre - Marée Basse,"Années 50 (Le ""Ghetto intellectuel"")"
La Ruse,79,224,Théâtre - Marée Basse,"Années 50 (Le ""Ghetto intellectuel"")"
La Ruse,79,25,Théâtre - Marée Basse,"Années 50 (Le ""Ghetto intellectuel"")"
La Ruse,1,126,Revue Cause Commune,60's - 70's (Tours)
Le ca perche,2,1,Khâgne,Occupation
Le ca perche,3,1,Amitié,Sans
Le ca perche,4,3,Khâgne,Occupation
Le ca perche,1,5,Amitié,Occupation
Le ca perche,6,1,Khâgne,Occupation
Le ca perche,7,1,Resistance,Occupation
Le ca perche,8,1,Amitié,Occupation
Le ca perche,9,1,Khâgne,Occupation
Le ca perche,1,10,Amitié,Occupation
Le ca perche,6,1,Resistance,Occupation
Le ca perche,1,11,Resistance,Occupation
Le ca perche,1,12,Resistance,Occupation
Le ca perche,6,11,Resistance,Occupation
Le ca perche,6,12,Resistance,Occupation
Le ca perche,1,13,Resistance,Occupation
Le ca perche,12,13,Resistance,Occupation
Le ca perche,11,13,Resistance,Occupation
Le ca perche,1,14,Resistance,Occupation
Le ca perche,14,11,Resistance,Occupation
Le ca perche,14,12,Resistance,Occupation
Le ca perche,14,15,Resistance,Occupation
Le ca perche,14,16,Resistance,Occupation
Le ca perche,14,17,Resistance,Occupation
Le ca perche,14,18,Resistance,Occupation
Le ca perche,1,19,Rencontre ephemere,Occupation
Le ca perche,1,20,Edition,Après-Guerre
Le ca perche,1,21,Edition,Après-Guerre
Le ca perche,1,22,Edition,Après-Guerre
Le ca perche,1,23,Edition,Après-Guerre
Le ca perche,20,21,Edition,Après-Guerre
Le ca perche,21,22,Edition,Après-Guerre
Le ca perche,22,20,Edition,Après-Guerre
Le ca perche,1,24,Amitié,Occupation
Le ca perche,1,25,Amitié,Après-Guerre
Le ca perche,1,26,Amitié,Après-Guerre
Le ca perche,25,26,Amitié,Après-Guerre
Le ca perche,1,27,Edition,Après-Guerre
Le ca perche,27,28,Edition,Après-Guerre
Le ca perche,27,29,Edition,Après-Guerre
Le ca perche,1,28,Edition,Après-Guerre
Le ca perche,1,29,Edition,Après-Guerre
Le ca perche,31,1,Edition,Après-Guerre
Le ca perche,30,1,Edition,Après-Guerre
Le ca perche,1,32,Rencontre ephemere,Après-Guerre
Le ca perche,1,33,Amitié,Après-Guerre
Le ca perche,1,34,Amitié,Après-Guerre
Le ca perche,31,33,Edition,Après-Guerre
Le ca perche,31,34,Edition,Après-Guerre
Le ca perche,11,12,Sentimental,Occupation
Le ca perche,30,31,Sentimental,Après-Guerre
Le ca perche,1,35,Edition,Après-Guerre
Le ca perche,35,36,Edition,Après-Guerre
Le ca perche,35,37,Edition,Après-Guerre
Le ca perche,38,1,Communisme,Après-Guerre
Le ca perche,18,1,Communisme,Après-Guerre
Le ca perche,38,18,Communisme,Après-Guerre
Le ca perche,39,1,Communisme,Après-Guerre
Le ca perche,41,1,Communisme,Après-Guerre
Le ca perche,1,42,Rencontre ephemere,Après-Guerre
Le ca perche,42,43,Amitié,Après-Guerre
Le ca perche,24,1,Communisme,Après-Guerre
Le ca perche,1,44,Communisme,Après-Guerre
Le ca perche,44,24,Communisme,Sans
Le ca perche,45,1,Amitié,Après-Guerre
Le ca perche,1,46,Communisme,Après-Guerre
Le ca perche,33,47,Communisme,Après-Guerre
Le ca perche,47,48,Communisme,Après-Guerre
Le ca perche,48,49,Communisme,Après-Guerre
Le ca perche,49,33,Communisme,Après-Guerre
Le ca perche,33,48,Communisme,Après-Guerre
Le ca perche,47,49,Communisme,Après-Guerre
Le ca perche,50,51,Communisme,Après-Guerre
Le ca perche,50,52,Communisme,Après-Guerre
Le ca perche,50,53,Communisme,Après-Guerre
Le ca perche,50,54,Communisme,Après-Guerre
Le ca perche,51,52,Communisme,Après-Guerre
Le ca perche,51,53,Communisme,Après-Guerre
Le ca perche,51,54,Communisme,Après-Guerre
Le ca perche,52,53,Communisme,Après-Guerre
Le ca perche,52,54,Communisme,Après-Guerre
Le ca perche,53,54,Sentimental,Après-Guerre
Le ca perche,26,55,Littérature,Royaumont
Le ca perche,1,55,Rencontre ephemere,Royaumont
Le ca perche,54,1,Amitié,"Années 50 (Le ""Ghetto intellectuel"")"
Le ca perche,54,25,Amitié,"Années 50 (Le ""Ghetto intellectuel"")"
Le ca perche,54,45,Amitié,"Années 50 (Le ""Ghetto intellectuel"")"
Le ca perche,1,25,Amitié,"Années 50 (Le ""Ghetto intellectuel"")"
Le ca perche,25,60,Amitié,"Années 50 (Le ""Ghetto intellectuel"")"
Le ca perche,1,24,Théâtre,Après-Guerre
Le ca perche,1,59,Théâtre,Après-Guerre
Le ca perche,1,33,Amitié,"Années 50 (Le ""Ghetto intellectuel"")"
Le ca perche,1,39,Socialisme,"Années 50 (Le ""Ghetto intellectuel"")"
Le ca perche,1,36,Socialisme,"Années 50 (Le ""Ghetto intellectuel"")"
Le ca perche,57,58,Théâtre,Après-Guerre
Le ca perche,36,39,Socialisme,"Années 50 (Le ""Ghetto intellectuel"")"
Le ca perche,60,58,Théâtre,Années 50 (Le monde du Théâtre)
Le ca perche,60,61,Théâtre,Années 50 (Le monde du Théâtre)
Le ca perche,60,62,Théâtre,Années 50 (Le monde du Théâtre)
Le ca perche,60,63,Théâtre,Années 50 (Le monde du Théâtre)
Le ca perche,60,28,Théâtre,Années 50 (Le monde du Théâtre)
Le ca perche,1,58,Théâtre,Années 50 (Le monde du Théâtre)
Le ca perche,1,61,Théâtre,Années 50 (Le monde du Théâtre)
Le ca perche,1,62,Théâtre,Années 50 (Le monde du Théâtre)
Le ca perche,1,63,Théâtre,Années 50 (Le monde du Théâtre)
Le ca perche,58,25,Théâtre,Années 50 (Le monde du Théâtre)
Le ca perche,58,63,Théâtre,Années 50 (Le monde du Théâtre)
Le ca perche,58,28,Théâtre,Années 50 (Le monde du Théâtre)
Le ca perche,58,62,Théâtre,Années 50 (Le monde du Théâtre)
Le ca perche,63,62,Théâtre,Années 50 (Le monde du Théâtre)
Le ca perche,63,25,Théâtre,Années 50 (Le monde du Théâtre)
Le ca perche,63,28,Théâtre,Années 50 (Le monde du Théâtre)
Le ca perche,28,62,Théâtre,Années 50 (Le monde du Théâtre)
Le ca perche,25,8,Théâtre,Années 50 (Le monde du Théâtre)
Le ca perche,25,64,Théâtre,Années 50 (Le monde du Théâtre)
Le ca perche,25,65,Théâtre,Années 50 (Le monde du Théâtre)
Le ca perche,25,66,Théâtre,Années 50 (Le monde du Théâtre)
Le ca perche,25,67,Théâtre,Années 50 (Le monde du Théâtre)
Le ca perche,62,8,Théâtre,Années 50 (Le monde du Théâtre)
Le ca perche,62,64,Théâtre,Années 50 (Le monde du Théâtre)
Le ca perche,62,65,Théâtre,Années 50 (Le monde du Théâtre)
Le ca perche,62,66,Théâtre,Années 50 (Le monde du Théâtre)
Le ca perche,62,67,Théâtre,Années 50 (Le monde du Théâtre)
Le ca perche,60,8,Théâtre,Années 50 (Le monde du Théâtre)
Le ca perche,60,64,Théâtre,Années 50 (Le monde du Théâtre)
Le ca perche,60,65,Théâtre,Années 50 (Le monde du Théâtre)
Le ca perche,60,66,Théâtre,Années 50 (Le monde du Théâtre)
Le ca perche,60,67,Théâtre,Années 50 (Le monde du Théâtre)
Le ca perche,1,8,Théâtre,Années 50 (Le monde du Théâtre)
Le ca perche,1,64,Théâtre,Années 50 (Le monde du Théâtre)
Le ca perche,1,65,Théâtre,Années 50 (Le monde du Théâtre)
Le ca perche,1,66,Théâtre,Années 50 (Le monde du Théâtre)
Le ca perche,1,67,Théâtre,Années 50 (Le monde du Théâtre)
Le ca perche,1,68,Revue Théâtre populaire,Années 50 (Le monde du Théâtre)
Le ca perche,68,69,Revue Théâtre populaire,Années 50 (Le monde du Théâtre)
Le ca perche,68,70,Revue Théâtre populaire,Années 50 (Le monde du Théâtre)
Le ca perche,68,71,Revue Théâtre populaire,Années 50 (Le monde du Théâtre)
Le ca perche,69,70,Revue Théâtre populaire,Années 50 (Le monde du Théâtre)
Le ca perche,69,71,Revue Théâtre populaire,Années 50 (Le monde du Théâtre)
Le ca perche,71,70,Revue Théâtre populaire,Années 50 (Le monde du Théâtre)
Le ca perche,1,69,Revue Théâtre populaire,Années 50 (Le monde du Théâtre)
Le ca perche,1,70,Revue Théâtre populaire,Années 50 (Le monde du Théâtre)
Le ca perche,1,71,Revue Théâtre populaire,Années 50 (Le monde du Théâtre)
Le ca perche,1,3,Théâtre,Années 50 (Le monde du Théâtre)
Le ca perche,1,62,Théâtre,Années 50 (Le monde du Théâtre)
Le ca perche,62,74,Théâtre,Années 50 (Le monde du Théâtre)
Le ca perche,74,75,Théâtre,Années 50 (Le monde du Théâtre)
Le ca perche,75,58,Théâtre,Années 50 (Le monde du Théâtre)
Le ca perche,58,76,Théâtre,Années 50 (Le monde du Théâtre)
Le ca perche,58,77,Théâtre,Années 50 (Le monde du Théâtre)
Le ca perche,58,78,Théâtre,Années 50 (Le monde du Théâtre)
Le ca perche,58,79,Théâtre,Années 50 (Le monde du Théâtre)
Le ca perche,1,58,Théâtre,Années 50 (Le monde du Théâtre)
Le ca perche,58,80,Théâtre,Années 50 (Le monde du Théâtre)
Le ca perche,1,80,Théâtre,Années 50 (Le monde du Théâtre)
Le ca perche,1,82,Rencontre ephemere,Royaumont
Le ca perche,68,22,Edition,"Années 50 (Le ""Ghetto intellectuel"")"
Le ca perche,33,14,Littérature,"Années 50 (Le ""Ghetto intellectuel"")"
Le ca perche,33,81,Littérature,"Années 50 (Le ""Ghetto intellectuel"")"
Le ca perche,26,1,N.R.F.,"Années 50 (Le ""Ghetto intellectuel"")"
Le ca perche,56,54,Resistance,"Années 50 (Le ""Ghetto intellectuel"")"
Le ca perche,54,1,Revue Arguments,"Années 50 (Le ""Ghetto intellectuel"")"
Le ca perche,33,54,Revue Arguments,"Années 50 (Le ""Ghetto intellectuel"")"
Le ca perche,33,1,Revue Arguments,"Années 50 (Le ""Ghetto intellectuel"")"
Le ca perche,1,68,Revue Arguments,"Années 50 (Le ""Ghetto intellectuel"")"
Le ca perche,1,83,Revue Arguments,"Années 50 (Le ""Ghetto intellectuel"")"
Le ca perche,1,84,Revue Arguments,"Années 50 (Le ""Ghetto intellectuel"")"
Le ca perche,1,85,Revue Arguments,"Années 50 (Le ""Ghetto intellectuel"")"
Le ca perche,1,86,Revue Arguments,"Années 50 (Le ""Ghetto intellectuel"")"
Le ca perche,1,87,Revue Arguments,"Années 50 (Le ""Ghetto intellectuel"")"
Le ca perche,1,88,Revue Arguments,"Années 50 (Le ""Ghetto intellectuel"")"
Le ca perche,1,89,Revue Arguments,"Années 50 (Le ""Ghetto intellectuel"")"
Le ca perche,1,90,Revue Arguments,"Années 50 (Le ""Ghetto intellectuel"")"
Le ca perche,1,91,Revue Arguments,"Années 50 (Le ""Ghetto intellectuel"")"
Le ca perche,1,92,Revue Arguments,"Années 50 (Le ""Ghetto intellectuel"")"
Le ca perche,1,93,Revue Arguments,"Années 50 (Le ""Ghetto intellectuel"")"
Le ca perche,1,94,Revue Arguments,"Années 50 (Le ""Ghetto intellectuel"")"
Le ca perche,1,53,Revue Arguments,"Années 50 (Le ""Ghetto intellectuel"")"
Le ca perche,1,95,Revue Arguments,"Années 50 (Le ""Ghetto intellectuel"")"
Le ca perche,68,83,Revue Arguments,"Années 50 (Le ""Ghetto intellectuel"")"
Le ca perche,68,84,Revue Arguments,"Années 50 (Le ""Ghetto intellectuel"")"
Le ca perche,68,85,Revue Arguments,"Années 50 (Le ""Ghetto intellectuel"")"
Le ca perche,68,86,Revue Arguments,"Années 50 (Le ""Ghetto intellectuel"")"
Le ca perche,68,87,Revue Arguments,"Années 50 (Le ""Ghetto intellectuel"")"
Le ca perche,68,88,Revue Arguments,"Années 50 (Le ""Ghetto intellectuel"")"
Le ca perche,68,89,Revue Arguments,"Années 50 (Le ""Ghetto intellectuel"")"
Le ca perche,68,90,Revue Arguments,"Années 50 (Le ""Ghetto intellectuel"")"
Le ca perche,96,97,Sociologie - Carriere universitaire,50's - 60's (La Sorbonne)
Le ca perche,97,98,Sociologie - Carriere universitaire,50's - 60's (La Sorbonne)
Le ca perche,1,96,Sociologie - Carriere universitaire,50's - 60's (La Sorbonne)
Le ca perche,1,97,Sociologie - Carriere universitaire,50's - 60's (La Sorbonne)
Le ca perche,1,98,Sociologie - Carriere universitaire,50's - 60's (La Sorbonne)
Le ca perche,68,91,Revue Arguments,"Années 50 (Le ""Ghetto intellectuel"")"
Le ca perche,68,92,Revue Arguments,"Années 50 (Le ""Ghetto intellectuel"")"
Le ca perche,68,93,Revue Arguments,"Années 50 (Le ""Ghetto intellectuel"")"
Le ca perche,1,99,Amitié,Tunisie
Le ca perche,1,100,Amitié,Tunisie
Le ca perche,99,100,Amitié,Tunisie
Le ca perche,1,101,Amitié,Tunisie
Le ca perche,101,102,Amitié,Tunisie
Le ca perche,101,31,Amitié,Tunisie
Le ca perche,1,95,Amitié,Tunisie
Le ca perche,95,101,Rencontre ephemere,Tunisie
Le ca perche,1,103,Chebika,Tunisie
Le ca perche,1,104,Chebika,Tunisie
Le ca perche,1,105,Sentimental,Tunisie
Le ca perche,104,105,Chebika,Tunisie
Le ca perche,1,106,Amitié,Tunisie
Le ca perche,1,106,Sociologie - Carriere universitaire,Brésil 60's
Le ca perche,106,107,Sociologie - Carriere universitaire,Brésil 60's
Le ca perche,1,107,Sociologie - Carriere universitaire,Brésil 60's
Le ca perche,1,108,Théâtre,60's - 70's (Tours)
Le ca perche,108,109,Théâtre,60's - 70's (Tours)
Le ca perche,108,110,Théâtre,60's - 70's (Tours)
Le ca perche,1,111,Théâtre,60's - 70's (Tours)
Le ca perche,1,112,Théâtre,60's - 70's (Tours)
Le ca perche,1,113,Théâtre,60's - 70's (Tours)
Le ca perche,1,87,Théâtre,60's - 70's (Tours)
Le ca perche,87,112,Théâtre,60's - 70's (Tours)
Le ca perche,87,113,Théâtre,60's - 70's (Tours)
Le ca perche,1,45,Mass Media - Venise,60's - 70's (Tours)
Le ca perche,1,87,Mass Media - Venise,60's - 70's (Tours)
Le ca perche,1,95,Mass Media - Venise,60's - 70's (Tours)
Le ca perche,1,108,Mass Media - Venise,60's - 70's (Tours)
Le ca perche,1,114,Mass Media - Venise,60's - 70's (Tours)
Le ca perche,1,115,Mass Media - Venise,60's - 70's (Tours)
Le ca perche,1,111,Mass Media - Venise,60's - 70's (Tours)
Le ca perche,1,116,Mass Media - Venise,60's - 70's (Tours)
Le ca perche,1,117,Mass Media - Venise,60's - 70's (Tours)
Le ca perche,1,118,Mass Media - Venise,60's - 70's (Tours)
Le ca perche,1,119,Mass Media - Venise,60's - 70's (Tours)
Le ca perche,45,87,Mass Media - Venise,60's - 70's (Tours)
Le ca perche,45,95,Mass Media - Venise,60's - 70's (Tours)
Le ca perche,45,108,Mass Media - Venise,60's - 70's (Tours)
Le ca perche,45,114,Mass Media - Venise,60's - 70's (Tours)
Le ca perche,45,115,Mass Media - Venise,60's - 70's (Tours)
Le ca perche,45,111,Mass Media - Venise,60's - 70's (Tours)
Le ca perche,45,116,Mass Media - Venise,60's - 70's (Tours)
Le ca perche,45,117,Mass Media - Venise,60's - 70's (Tours)
Le ca perche,45,118,Mass Media - Venise,60's - 70's (Tours)
Le ca perche,45,119,Mass Media - Venise,60's - 70's (Tours)
Le ca perche,87,95,Mass Media - Venise,60's - 70's (Tours)
Le ca perche,87,108,Mass Media - Venise,60's - 70's (Tours)
Le ca perche,87,114,Mass Media - Venise,60's - 70's (Tours)
Le ca perche,87,115,Mass Media - Venise,60's - 70's (Tours)
Le ca perche,87,111,Mass Media - Venise,60's - 70's (Tours)
Le ca perche,87,116,Mass Media - Venise,60's - 70's (Tours)
Le ca perche,87,117,Mass Media - Venise,60's - 70's (Tours)
Le ca perche,87,118,Mass Media - Venise,60's - 70's (Tours)
Le ca perche,87,119,Mass Media - Venise,60's - 70's (Tours)
Le ca perche,95,108,Mass Media - Venise,60's - 70's (Tours)
Le ca perche,95,114,Mass Media - Venise,60's - 70's (Tours)
Le ca perche,95,115,Mass Media - Venise,60's - 70's (Tours)
Le ca perche,95,111,Mass Media - Venise,60's - 70's (Tours)
Le ca perche,95,116,Mass Media - Venise,60's - 70's (Tours)
Le ca perche,95,117,Mass Media - Venise,60's - 70's (Tours)
Le ca perche,95,118,Mass Media - Venise,60's - 70's (Tours)
Le ca perche,95,119,Mass Media - Venise,60's - 70's (Tours)
Le ca perche,108,114,Mass Media - Venise,60's - 70's (Tours)
Le ca perche,108,115,Mass Media - Venise,60's - 70's (Tours)
Le ca perche,108,111,Mass Media - Venise,60's - 70's (Tours)
Le ca perche,108,116,Mass Media - Venise,60's - 70's (Tours)
Le ca perche,108,117,Mass Media - Venise,60's - 70's (Tours)
Le ca perche,108,118,Mass Media - Venise,60's - 70's (Tours)
Le ca perche,108,119,Mass Media - Venise,60's - 70's (Tours)
Le ca perche,114,115,Mass Media - Venise,60's - 70's (Tours)
Le ca perche,114,111,Mass Media - Venise,60's - 70's (Tours)
Le ca perche,114,116,Mass Media - Venise,60's - 70's (Tours)
Le ca perche,114,117,Mass Media - Venise,60's - 70's (Tours)
Le ca perche,114,118,Mass Media - Venise,60's - 70's (Tours)
Le ca perche,114,119,Mass Media - Venise,60's - 70's (Tours)
Le ca perche,115,111,Mass Media - Venise,60's - 70's (Tours)
Le ca perche,115,116,Mass Media - Venise,60's - 70's (Tours)
Le ca perche,115,117,Mass Media - Venise,60's - 70's (Tours)
Le ca perche,115,118,Mass Media - Venise,60's - 70's (Tours)
Le ca perche,115,119,Mass Media - Venise,60's - 70's (Tours)
Le ca perche,111,116,Mass Media - Venise,60's - 70's (Tours)
Le ca perche,111,117,Mass Media - Venise,60's - 70's (Tours)
Le ca perche,111,118,Mass Media - Venise,60's - 70's (Tours)
Le ca perche,111,119,Mass Media - Venise,60's - 70's (Tours)
Le ca perche,116,117,Mass Media - Venise,60's - 70's (Tours)
Le ca perche,116,118,Mass Media - Venise,60's - 70's (Tours)
Le ca perche,116,119,Mass Media - Venise,60's - 70's (Tours)
Le ca perche,117,118,Mass Media - Venise,60's - 70's (Tours)
Le ca perche,117,119,Mass Media - Venise,60's - 70's (Tours)
Le ca perche,118,119,Mass Media - Venise,60's - 70's (Tours)
Le ca perche,1,120,Cinéma,60's - 70's (Tours)
Le ca perche,1,121,Cinéma,60's - 70's (Tours)
Le ca perche,1,23,Mai 1968,60's - 70's (Tours)
Le ca perche,1,54,Mai 1968,60's - 70's (Tours)
Le ca perche,1,87,Mai 1968,60's - 70's (Tours)
Le ca perche,1,122,Mai 1968,60's - 70's (Tours)
Le ca perche,54,87,Mai 1968,60's - 70's (Tours)
Le ca perche,23,54,Mai 1968,60's - 70's (Tours)
Le ca perche,87,23,Mai 1968,60's - 70's (Tours)
Le ca perche,1,123,Mai 1968,60's - 70's (Tours)
Le ca perche,1,124,Revue Cause Commune,60's - 70's (Tours)
Le ca perche,1,95,Revue Cause Commune,60's - 70's (Tours)
Le ca perche,124,95,Revue Cause Commune,60's - 70's (Tours)
Le ca perche,68,94,Revue Arguments,"Années 50 (Le ""Ghetto intellectuel"")"
Le ca perche,68,54,Revue Arguments,"Années 50 (Le ""Ghetto intellectuel"")"
Le ca perche,68,95,Revue Arguments,"Années 50 (Le ""Ghetto intellectuel"")"
Le ca perche,83,84,Revue Arguments,"Années 50 (Le ""Ghetto intellectuel"")"
Le ca perche,83,85,Revue Arguments,"Années 50 (Le ""Ghetto intellectuel"")"
Le ca perche,83,86,Revue Arguments,"Années 50 (Le ""Ghetto intellectuel"")"
Le ca perche,83,87,Revue Arguments,"Années 50 (Le ""Ghetto intellectuel"")"
Le ca perche,83,88,Revue Arguments,"Années 50 (Le ""Ghetto intellectuel"")"
Le ca perche,83,89,Revue Arguments,"Années 50 (Le ""Ghetto intellectuel"")"
Le ca perche,83,90,Revue Arguments,"Années 50 (Le ""Ghetto intellectuel"")"
Le ca perche,83,91,Revue Arguments,"Années 50 (Le ""Ghetto intellectuel"")"
Le ca perche,83,92,Revue Arguments,"Années 50 (Le ""Ghetto intellectuel"")"
Le ca perche,83,93,Revue Arguments,"Années 50 (Le ""Ghetto intellectuel"")"
Le ca perche,83,94,Revue Arguments,"Années 50 (Le ""Ghetto intellectuel"")"
Le ca perche,83,95,Revue Arguments,"Années 50 (Le ""Ghetto intellectuel"")"
Le ca perche,84,85,Revue Arguments,"Années 50 (Le ""Ghetto intellectuel"")"
Le ca perche,84,86,Revue Arguments,"Années 50 (Le ""Ghetto intellectuel"")"
Le ca perche,84,87,Revue Arguments,"Années 50 (Le ""Ghetto intellectuel"")"
Le ca perche,84,88,Revue Arguments,"Années 50 (Le ""Ghetto intellectuel"")"
Le ca perche,84,89,Revue Arguments,"Années 50 (Le ""Ghetto intellectuel"")"
Le ca perche,84,90,Revue Arguments,"Années 50 (Le ""Ghetto intellectuel"")"
Le ca perche,84,91,Revue Arguments,"Années 50 (Le ""Ghetto intellectuel"")"
Le ca perche,84,92,Revue Arguments,"Années 50 (Le ""Ghetto intellectuel"")"
Le ca perche,84,93,Revue Arguments,"Années 50 (Le ""Ghetto intellectuel"")"
Le ca perche,84,94,Revue Arguments,"Années 50 (Le ""Ghetto intellectuel"")"
Le ca perche,84,95,Revue Arguments,"Années 50 (Le ""Ghetto intellectuel"")"
Le ca perche,85,86,Revue Arguments,"Années 50 (Le ""Ghetto intellectuel"")"
Le ca perche,85,87,Revue Arguments,"Années 50 (Le ""Ghetto intellectuel"")"
Le ca perche,85,88,Revue Arguments,"Années 50 (Le ""Ghetto intellectuel"")"
Le ca perche,85,89,Revue Arguments,"Années 50 (Le ""Ghetto intellectuel"")"
Le ca perche,85,90,Revue Arguments,"Années 50 (Le ""Ghetto intellectuel"")"
Le ca perche,85,91,Revue Arguments,"Années 50 (Le ""Ghetto intellectuel"")"
Le ca perche,85,92,Revue Arguments,"Années 50 (Le ""Ghetto intellectuel"")"
Le ca perche,85,93,Revue Arguments,"Années 50 (Le ""Ghetto intellectuel"")"
Le ca perche,85,94,Revue Arguments,"Années 50 (Le ""Ghetto intellectuel"")"
Le ca perche,85,95,Revue Arguments,"Années 50 (Le ""Ghetto intellectuel"")"
Le ca perche,86,87,Revue Arguments,"Années 50 (Le ""Ghetto intellectuel"")"
Le ca perche,86,88,Revue Arguments,"Années 50 (Le ""Ghetto intellectuel"")"
Le ca perche,86,89,Revue Arguments,"Années 50 (Le ""Ghetto intellectuel"")"
Le ca perche,86,90,Revue Arguments,"Années 50 (Le ""Ghetto intellectuel"")"
Le ca perche,86,91,Revue Arguments,"Années 50 (Le ""Ghetto intellectuel"")"
Le ca perche,86,92,Revue Arguments,"Années 50 (Le ""Ghetto intellectuel"")"
Le ca perche,86,93,Revue Arguments,"Années 50 (Le ""Ghetto intellectuel"")"
Le ca perche,86,94,Revue Arguments,"Années 50 (Le ""Ghetto intellectuel"")"
Le ca perche,86,95,Revue Arguments,"Années 50 (Le ""Ghetto intellectuel"")"
Le ca perche,87,88,Revue Arguments,"Années 50 (Le ""Ghetto intellectuel"")"
Le ca perche,87,89,Revue Arguments,"Années 50 (Le ""Ghetto intellectuel"")"
Le ca perche,87,90,Revue Arguments,"Années 50 (Le ""Ghetto intellectuel"")"
Le ca perche,87,91,Revue Arguments,"Années 50 (Le ""Ghetto intellectuel"")"
Le ca perche,87,92,Revue Arguments,"Années 50 (Le ""Ghetto intellectuel"")"
Le ca perche,87,93,Revue Arguments,"Années 50 (Le ""Ghetto intellectuel"")"
Le ca perche,87,94,Revue Arguments,"Années 50 (Le ""Ghetto intellectuel"")"
Le ca perche,87,95,Revue Arguments,"Années 50 (Le ""Ghetto intellectuel"")"
Le ca perche,88,89,Revue Arguments,"Années 50 (Le ""Ghetto intellectuel"")"
Le ca perche,88,90,Revue Arguments,"Années 50 (Le ""Ghetto intellectuel"")"
Le ca perche,88,91,Revue Arguments,"Années 50 (Le ""Ghetto intellectuel"")"
Le ca perche,88,92,Revue Arguments,"Années 50 (Le ""Ghetto intellectuel"")"
Le ca perche,88,93,Revue Arguments,"Années 50 (Le ""Ghetto intellectuel"")"
Le ca perche,88,94,Revue Arguments,"Années 50 (Le ""Ghetto intellectuel"")"
Le ca perche,88,95,Revue Arguments,"Années 50 (Le ""Ghetto intellectuel"")"
Le ca perche,89,90,Revue Arguments,"Années 50 (Le ""Ghetto intellectuel"")"
Le ca perche,89,91,Revue Arguments,"Années 50 (Le ""Ghetto intellectuel"")"
Le ca perche,89,92,Revue Arguments,"Années 50 (Le ""Ghetto intellectuel"")"
Le ca perche,89,93,Revue Arguments,"Années 50 (Le ""Ghetto intellectuel"")"
Le ca perche,89,94,Revue Arguments,"Années 50 (Le ""Ghetto intellectuel"")"
Le ca perche,89,95,Revue Arguments,"Années 50 (Le ""Ghetto intellectuel"")"
Le ca perche,90,91,Revue Arguments,"Années 50 (Le ""Ghetto intellectuel"")"
Le ca perche,90,92,Revue Arguments,"Années 50 (Le ""Ghetto intellectuel"")"
Le ca perche,90,93,Revue Arguments,"Années 50 (Le ""Ghetto intellectuel"")"
Le ca perche,90,94,Revue Arguments,"Années 50 (Le ""Ghetto intellectuel"")"
Le ca perche,90,95,Revue Arguments,"Années 50 (Le ""Ghetto intellectuel"")"
Le ca perche,91,92,Revue Arguments,"Années 50 (Le ""Ghetto intellectuel"")"
Le ca perche,91,93,Revue Arguments,"Années 50 (Le ""Ghetto intellectuel"")"
Le ca perche,91,94,Revue Arguments,"Années 50 (Le ""Ghetto intellectuel"")"
Le ca perche,91,95,Revue Arguments,"Années 50 (Le ""Ghetto intellectuel"")"
Le ca perche,92,93,Revue Arguments,"Années 50 (Le ""Ghetto intellectuel"")"
Le ca perche,92,94,Revue Arguments,"Années 50 (Le ""Ghetto intellectuel"")"
Le ca perche,92,95,Revue Arguments,"Années 50 (Le ""Ghetto intellectuel"")"
Le ca perche,93,94,Revue Arguments,"Années 50 (Le ""Ghetto intellectuel"")"
Le ca perche,93,95,Revue Arguments,"Années 50 (Le ""Ghetto intellectuel"")"
Le ca perche,94,95,Revue Arguments,"Années 50 (Le ""Ghetto intellectuel"")"
Le ca perche,68,53,Revue Arguments,"Années 50 (Le ""Ghetto intellectuel"")"
Le ca perche,83,53,Revue Arguments,"Années 50 (Le ""Ghetto intellectuel"")"
Le ca perche,83,54,Revue Arguments,"Années 50 (Le ""Ghetto intellectuel"")"
Le ca perche,84,53,Revue Arguments,"Années 50 (Le ""Ghetto intellectuel"")"
Le ca perche,84,54,Revue Arguments,"Années 50 (Le ""Ghetto intellectuel"")"
Le ca perche,85,53,Revue Arguments,"Années 50 (Le ""Ghetto intellectuel"")"
Le ca perche,85,54,Revue Arguments,"Années 50 (Le ""Ghetto intellectuel"")"
Le ca perche,86,53,Revue Arguments,"Années 50 (Le ""Ghetto intellectuel"")"
Le ca perche,86,54,Revue Arguments,"Années 50 (Le ""Ghetto intellectuel"")"
Le ca perche,87,53,Revue Arguments,"Années 50 (Le ""Ghetto intellectuel"")"
Le ca perche,87,54,Revue Arguments,"Années 50 (Le ""Ghetto intellectuel"")"
Le ca perche,88,53,Revue Arguments,"Années 50 (Le ""Ghetto intellectuel"")"
Le ca perche,88,54,Revue Arguments,"Années 50 (Le ""Ghetto intellectuel"")"
Le ca perche,89,53,Revue Arguments,"Années 50 (Le ""Ghetto intellectuel"")"
Le ca perche,89,54,Revue Arguments,"Années 50 (Le ""Ghetto intellectuel"")"
Le ca perche,90,53,Revue Arguments,"Années 50 (Le ""Ghetto intellectuel"")"
Le ca perche,90,54,Revue Arguments,"Années 50 (Le ""Ghetto intellectuel"")"
Le ca perche,94,53,Revue Arguments,"Années 50 (Le ""Ghetto intellectuel"")"
Le ca perche,94,54,Revue Arguments,"Années 50 (Le ""Ghetto intellectuel"")"
Le ca perche,91,53,Revue Arguments,"Années 50 (Le ""Ghetto intellectuel"")"
Le ca perche,91,54,Revue Arguments,"Années 50 (Le ""Ghetto intellectuel"")"
Le ca perche,92,53,Revue Arguments,"Années 50 (Le ""Ghetto intellectuel"")"
Le ca perche,92,54,Revue Arguments,"Années 50 (Le ""Ghetto intellectuel"")"
Le ca perche,93,53,Revue Arguments,"Années 50 (Le ""Ghetto intellectuel"")"
Le ca perche,93,54,Revue Arguments,"Années 50 (Le ""Ghetto intellectuel"")"
Le ca perche,56,1,Sentimental,"Années 50 (Le ""Ghetto intellectuel"")"
Le ca perche,1,60,Théâtre,"Années 50 (Le ""Ghetto intellectuel"")"
Le ca perche,1,57,Théâtre,"Années 50 (Le ""Ghetto intellectuel"")"
Le ca perche,60,57,Théâtre,"Années 50 (Le ""Ghetto intellectuel"")"
Le ca perche,14,1,Théâtre,"Années 50 (Le ""Ghetto intellectuel"")"
Le ca perche,1,25,Amitié,"Années 50 (Le ""Ghetto intellectuel"")"
Le Pandémonium du présent,1,95,Amitié,"Années 50 (Le ""Ghetto intellectuel"")"
Le Pandémonium du présent,1,60,Amitié,"Années 50 (Le ""Ghetto intellectuel"")"
Le Pandémonium du présent,1,62,Amitié,"Années 50 (Le ""Ghetto intellectuel"")"
Le Pandémonium du présent,58,62,Amitié,"Années 50 (Le ""Ghetto intellectuel"")"
Le Pandémonium du présent,58,60,Amitié,"Années 50 (Le ""Ghetto intellectuel"")"
Le Pandémonium du présent,62,60,Amitié,"Années 50 (Le ""Ghetto intellectuel"")"
Le Pandémonium du présent,1,149,Amitié,"Années 50 (Le ""Ghetto intellectuel"")"
Le Pandémonium du présent,234,3,Amitié,"Années 50 (Le ""Ghetto intellectuel"")"
Le Pandémonium du présent,3,1,Amitié,"Années 50 (Le ""Ghetto intellectuel"")"
Le Pandémonium du présent,1,234,Amitié,"Années 50 (Le ""Ghetto intellectuel"")"
Le Pandémonium du présent,1,45,Amitié,"Années 50 (Le ""Ghetto intellectuel"")"
Le Pandémonium du présent,68,1,Amitié,"Années 50 (Le ""Ghetto intellectuel"")"
Le Pandémonium du présent,25,1,Cercle de Jean Atlan,"Années 50 (Le ""Ghetto intellectuel"")"
Le Pandémonium du présent,25,168,Cercle de Jean Atlan,"Années 50 (Le ""Ghetto intellectuel"")"
Le Pandémonium du présent,25,40,Cercle de Jean Atlan,"Années 50 (Le ""Ghetto intellectuel"")"
Le Pandémonium du présent,25,22,Cercle de Jean Atlan,"Années 50 (Le ""Ghetto intellectuel"")"
Le Pandémonium du présent,25,58,Cercle de Jean Atlan,"Années 50 (Le ""Ghetto intellectuel"")"
Le Pandémonium du présent,25,60,Cercle de Jean Atlan,"Années 50 (Le ""Ghetto intellectuel"")"
Le Pandémonium du présent,1,168,Cercle de Jean Atlan,"Années 50 (Le ""Ghetto intellectuel"")"
Le Pandémonium du présent,1,40,Cercle de Jean Atlan,"Années 50 (Le ""Ghetto intellectuel"")"
Le Pandémonium du présent,1,22,Cercle de Jean Atlan,"Années 50 (Le ""Ghetto intellectuel"")"
Le Pandémonium du présent,1,58,Cercle de Jean Atlan,"Années 50 (Le ""Ghetto intellectuel"")"
Le Pandémonium du présent,1,60,Cercle de Jean Atlan,"Années 50 (Le ""Ghetto intellectuel"")"
Le Pandémonium du présent,168,40,Cercle de Jean Atlan,"Années 50 (Le ""Ghetto intellectuel"")"
Le Pandémonium du présent,168,22,Cercle de Jean Atlan,"Années 50 (Le ""Ghetto intellectuel"")"
Le Pandémonium du présent,168,58,Cercle de Jean Atlan,"Années 50 (Le ""Ghetto intellectuel"")"
Le Pandémonium du présent,168,60,Cercle de Jean Atlan,"Années 50 (Le ""Ghetto intellectuel"")"
Le Pandémonium du présent,40,22,Cercle de Jean Atlan,"Années 50 (Le ""Ghetto intellectuel"")"
Le Pandémonium du présent,40,58,Cercle de Jean Atlan,"Années 50 (Le ""Ghetto intellectuel"")"
Le Pandémonium du présent,40,60,Cercle de Jean Atlan,"Années 50 (Le ""Ghetto intellectuel"")"
Le Pandémonium du présent,22,58,Cercle de Jean Atlan,"Années 50 (Le ""Ghetto intellectuel"")"
Le Pandémonium du présent,22,60,Cercle de Jean Atlan,"Années 50 (Le ""Ghetto intellectuel"")"
Le Pandémonium du présent,58,60,Cercle de Jean Atlan,"Années 50 (Le ""Ghetto intellectuel"")"
Le Pandémonium du présent,1,8,L'Arche Editeur - Coll. Grands dramaturges,"Années 50 (Le ""Ghetto intellectuel"")"
Le Pandémonium du présent,1,169,L'Arche Editeur - Coll. Grands dramaturges,"Années 50 (Le ""Ghetto intellectuel"")"
Le Pandémonium du présent,1,60,L'Arche Editeur - Coll. Grands dramaturges,"Années 50 (Le ""Ghetto intellectuel"")"
Le Pandémonium du présent,1,86,L'Arche Editeur - Coll. Grands dramaturges,"Années 50 (Le ""Ghetto intellectuel"")"
Le Pandémonium du présent,1,45,L'Arche Editeur - Coll. Grands dramaturges,"Années 50 (Le ""Ghetto intellectuel"")"
Le Pandémonium du présent,1,8,L'Arche Editeur - Coll. Grands dramaturges,"Années 50 (Le ""Ghetto intellectuel"")"
Le Pandémonium du présent,1,68,L'Arche Editeur - Coll. Grands dramaturges,"Années 50 (Le ""Ghetto intellectuel"")"
Le Pandémonium du présent,1,14,N.R.F.,"Années 50 (Le ""Ghetto intellectuel"")"
Le Pandémonium du présent,1,14,N.R.F.,"Années 50 (Le ""Ghetto intellectuel"")"
Le Pandémonium du présent,1,165,N.R.F.,"Années 50 (Le ""Ghetto intellectuel"")"
Le Pandémonium du présent,1,26,N.R.F.,"Années 50 (Le ""Ghetto intellectuel"")"
Le Pandémonium du présent,1,174,N.R.F.,"Années 50 (Le ""Ghetto intellectuel"")"
Le Pandémonium du présent,14,165,N.R.F.,"Années 50 (Le ""Ghetto intellectuel"")"
Le Pandémonium du présent,14,26,N.R.F.,"Années 50 (Le ""Ghetto intellectuel"")"
Le Pandémonium du présent,14,174,N.R.F.,"Années 50 (Le ""Ghetto intellectuel"")"
Le Pandémonium du présent,165,26,N.R.F.,"Années 50 (Le ""Ghetto intellectuel"")"
Le Pandémonium du présent,165,174,N.R.F.,"Années 50 (Le ""Ghetto intellectuel"")"
Le Pandémonium du présent,26,174,N.R.F.,"Années 50 (Le ""Ghetto intellectuel"")"
Le Pandémonium du présent,1,231,Rencontres de Royaumont,"Années 50 (Le ""Ghetto intellectuel"")"
Le Pandémonium du présent,1,69,Rencontres de Royaumont,"Années 50 (Le ""Ghetto intellectuel"")"
Le Pandémonium du présent,1,6,Khâgne,Occupation
Le Pandémonium du présent,1,7,Khâgne,Occupation
Le Pandémonium du présent,1,24,Khâgne,Occupation
Le Pandémonium du présent,1,9,Khâgne,Occupation
Le Pandémonium du présent,1,150,Khâgne,Occupation
Le Pandémonium du présent,1,147,Khâgne,Occupation
Le Pandémonium du présent,1,225,Khâgne,Occupation
Le Pandémonium du présent,1,156,Khâgne,Occupation
Le Pandémonium du présent,9,150,Khâgne,Occupation
Le Pandémonium du présent,9,147,Khâgne,Occupation
Le Pandémonium du présent,9,225,Khâgne,Occupation
Le Pandémonium du présent,9,156,Khâgne,Occupation
Le Pandémonium du présent,147,225,Khâgne,Occupation
Le Pandémonium du présent,225,156,Khâgne,Occupation
Le Pandémonium du présent,1,9,Khâgne,Occupation
Le Pandémonium du présent,1,226,Khâgne,Occupation
Le Pandémonium du présent,1,46,Communisme,Après-Guerre
Le Pandémonium du présent,1,84,Communisme,Après-Guerre
Le Pandémonium du présent,1,229,Communisme,Occupation
Le Pandémonium du présent,1,75,Amitié,Inconnue
Le Pandémonium du présent,1,58,Amitié,Inconnue
Le Pandémonium du présent,58,233,Théâtre,Inconnue
Le Pandémonium du présent,54,85,Revue Arguments,"Années 50 (Le ""Ghetto intellectuel"")"
Le Pandémonium du présent,1,85,Revue Arguments,"Années 50 (Le ""Ghetto intellectuel"")"
Le Pandémonium du présent,1,54,Revue Arguments,"Années 50 (Le ""Ghetto intellectuel"")"
Le Pandémonium du présent,1,54,Revue Arguments,"Années 50 (Le ""Ghetto intellectuel"")"
Le Pandémonium du présent,54,68,Revue Arguments,"Années 50 (Le ""Ghetto intellectuel"")"
Le Pandémonium du présent,54,83,Revue Arguments,"Années 50 (Le ""Ghetto intellectuel"")"
Le Pandémonium du présent,54,86,Revue Arguments,"Années 50 (Le ""Ghetto intellectuel"")"
Le Pandémonium du présent,54,51,Revue Arguments,"Années 50 (Le ""Ghetto intellectuel"")"
Le Pandémonium du présent,54,90,Revue Arguments,"Années 50 (Le ""Ghetto intellectuel"")"
Le Pandémonium du présent,54,237,Revue Arguments,"Années 50 (Le ""Ghetto intellectuel"")"
Le Pandémonium du présent,54,21,Revue Arguments,"Années 50 (Le ""Ghetto intellectuel"")"
Le Pandémonium du présent,54,238,Revue Arguments,"Années 50 (Le ""Ghetto intellectuel"")"
Le Pandémonium du présent,54,84,Revue Arguments,"Années 50 (Le ""Ghetto intellectuel"")"
Le Pandémonium du présent,54,85,Revue Arguments,"Années 50 (Le ""Ghetto intellectuel"")"
Le Pandémonium du présent,54,173,Revue Arguments,"Années 50 (Le ""Ghetto intellectuel"")"
Le Pandémonium du présent,1,68,Revue Arguments,"Années 50 (Le ""Ghetto intellectuel"")"
Le Pandémonium du présent,1,83,Revue Arguments,"Années 50 (Le ""Ghetto intellectuel"")"
Le Pandémonium du présent,1,86,Revue Arguments,"Années 50 (Le ""Ghetto intellectuel"")"
Le Pandémonium du présent,1,51,Revue Arguments,"Années 50 (Le ""Ghetto intellectuel"")"
Le Pandémonium du présent,1,90,Revue Arguments,"Années 50 (Le ""Ghetto intellectuel"")"
Le Pandémonium du présent,1,237,Revue Arguments,"Années 50 (Le ""Ghetto intellectuel"")"
Le Pandémonium du présent,1,21,Revue Arguments,"Années 50 (Le ""Ghetto intellectuel"")"
Le Pandémonium du présent,1,238,Revue Arguments,"Années 50 (Le ""Ghetto intellectuel"")"
Le Pandémonium du présent,1,84,Revue Arguments,"Années 50 (Le ""Ghetto intellectuel"")"
Le Pandémonium du présent,1,85,Revue Arguments,"Années 50 (Le ""Ghetto intellectuel"")"
Le Pandémonium du présent,1,173,Revue Arguments,"Années 50 (Le ""Ghetto intellectuel"")"
Le Pandémonium du présent,68,83,Revue Arguments,"Années 50 (Le ""Ghetto intellectuel"")"
Le Pandémonium du présent,68,86,Revue Arguments,"Années 50 (Le ""Ghetto intellectuel"")"
Le Pandémonium du présent,68,51,Revue Arguments,"Années 50 (Le ""Ghetto intellectuel"")"
Le Pandémonium du présent,68,90,Revue Arguments,"Années 50 (Le ""Ghetto intellectuel"")"
Le Pandémonium du présent,68,237,Revue Arguments,"Années 50 (Le ""Ghetto intellectuel"")"
Le Pandémonium du présent,68,21,Revue Arguments,"Années 50 (Le ""Ghetto intellectuel"")"
Le Pandémonium du présent,68,238,Revue Arguments,"Années 50 (Le ""Ghetto intellectuel"")"
Le Pandémonium du présent,68,84,Revue Arguments,"Années 50 (Le ""Ghetto intellectuel"")"
Le Pandémonium du présent,56,33,Cercle de Clara Malraux,Après-Guerre
Le Pandémonium du présent,56,235,Cercle de Clara Malraux,Après-Guerre
Le Pandémonium du présent,56,236,Cercle de Clara Malraux,Après-Guerre
Le Pandémonium du présent,56,160,Cercle de Clara Malraux,Après-Guerre
Le Pandémonium du présent,56,211,Cercle de Clara Malraux,Après-Guerre
Le Pandémonium du présent,56,161,Cercle de Clara Malraux,Après-Guerre
Le Pandémonium du présent,56,162,Cercle de Clara Malraux,Après-Guerre
Le Pandémonium du présent,1,26,Amitié,Inconnue
Le Pandémonium du présent,1,65,Amitié,Inconnue
Le Pandémonium du présent,65,26,Amitié,Inconnue
Le Pandémonium du présent,1,54,Amitié,Après-Guerre
Le Pandémonium du présent,68,85,Revue Arguments,"Années 50 (Le ""Ghetto intellectuel"")"
Le Pandémonium du présent,68,173,Revue Arguments,"Années 50 (Le ""Ghetto intellectuel"")"
Le Pandémonium du présent,83,86,Revue Arguments,"Années 50 (Le ""Ghetto intellectuel"")"
Le Pandémonium du présent,83,51,Revue Arguments,"Années 50 (Le ""Ghetto intellectuel"")"
Le Pandémonium du présent,83,90,Revue Arguments,"Années 50 (Le ""Ghetto intellectuel"")"
Le Pandémonium du présent,83,237,Revue Arguments,"Années 50 (Le ""Ghetto intellectuel"")"
Le Pandémonium du présent,83,21,Revue Arguments,"Années 50 (Le ""Ghetto intellectuel"")"
Le Pandémonium du présent,83,238,Revue Arguments,"Années 50 (Le ""Ghetto intellectuel"")"
Le Pandémonium du présent,83,84,Revue Arguments,"Années 50 (Le ""Ghetto intellectuel"")"
Le Pandémonium du présent,83,85,Revue Arguments,"Années 50 (Le ""Ghetto intellectuel"")"
Le Pandémonium du présent,83,173,Revue Arguments,"Années 50 (Le ""Ghetto intellectuel"")"
Le Pandémonium du présent,86,51,Revue Arguments,"Années 50 (Le ""Ghetto intellectuel"")"
Le Pandémonium du présent,86,90,Revue Arguments,"Années 50 (Le ""Ghetto intellectuel"")"
Le Pandémonium du présent,86,237,Revue Arguments,"Années 50 (Le ""Ghetto intellectuel"")"
Le Pandémonium du présent,86,21,Revue Arguments,"Années 50 (Le ""Ghetto intellectuel"")"
Le Pandémonium du présent,86,238,Revue Arguments,"Années 50 (Le ""Ghetto intellectuel"")"
Le Pandémonium du présent,86,84,Revue Arguments,"Années 50 (Le ""Ghetto intellectuel"")"
Le Pandémonium du présent,86,85,Revue Arguments,"Années 50 (Le ""Ghetto intellectuel"")"
Le Pandémonium du présent,86,173,Revue Arguments,"Années 50 (Le ""Ghetto intellectuel"")"
Le Pandémonium du présent,51,90,Revue Arguments,"Années 50 (Le ""Ghetto intellectuel"")"
Le Pandémonium du présent,51,237,Revue Arguments,"Années 50 (Le ""Ghetto intellectuel"")"
Le Pandémonium du présent,51,21,Revue Arguments,"Années 50 (Le ""Ghetto intellectuel"")"
Le Pandémonium du présent,51,238,Revue Arguments,"Années 50 (Le ""Ghetto intellectuel"")"
Le Pandémonium du présent,51,84,Revue Arguments,"Années 50 (Le ""Ghetto intellectuel"")"
Le Pandémonium du présent,51,85,Revue Arguments,"Années 50 (Le ""Ghetto intellectuel"")"
Le Pandémonium du présent,51,173,Revue Arguments,"Années 50 (Le ""Ghetto intellectuel"")"
Le Pandémonium du présent,90,237,Revue Arguments,"Années 50 (Le ""Ghetto intellectuel"")"
Le Pandémonium du présent,90,21,Revue Arguments,"Années 50 (Le ""Ghetto intellectuel"")"
Le Pandémonium du présent,90,238,Revue Arguments,"Années 50 (Le ""Ghetto intellectuel"")"
Le Pandémonium du présent,90,84,Revue Arguments,"Années 50 (Le ""Ghetto intellectuel"")"
Le Pandémonium du présent,90,85,Revue Arguments,"Années 50 (Le ""Ghetto intellectuel"")"
Le Pandémonium du présent,90,173,Revue Arguments,"Années 50 (Le ""Ghetto intellectuel"")"
Le Pandémonium du présent,237,21,Revue Arguments,"Années 50 (Le ""Ghetto intellectuel"")"
Le Pandémonium du présent,237,238,Revue Arguments,"Années 50 (Le ""Ghetto intellectuel"")"
Le Pandémonium du présent,237,84,Revue Arguments,"Années 50 (Le ""Ghetto intellectuel"")"
Le Pandémonium du présent,237,85,Revue Arguments,"Années 50 (Le ""Ghetto intellectuel"")"
Le Pandémonium du présent,237,173,Revue Arguments,"Années 50 (Le ""Ghetto intellectuel"")"
Le Pandémonium du présent,21,238,Revue Arguments,"Années 50 (Le ""Ghetto intellectuel"")"
Le Pandémonium du présent,21,84,Revue Arguments,"Années 50 (Le ""Ghetto intellectuel"")"
Le Pandémonium du présent,21,85,Revue Arguments,"Années 50 (Le ""Ghetto intellectuel"")"
Le Pandémonium du présent,21,173,Revue Arguments,"Années 50 (Le ""Ghetto intellectuel"")"
Le Pandémonium du présent,238,84,Revue Arguments,"Années 50 (Le ""Ghetto intellectuel"")"
Le Pandémonium du présent,238,85,Revue Arguments,"Années 50 (Le ""Ghetto intellectuel"")"
Le Pandémonium du présent,238,173,Revue Arguments,"Années 50 (Le ""Ghetto intellectuel"")"
Le Pandémonium du présent,84,85,Revue Arguments,"Années 50 (Le ""Ghetto intellectuel"")"
Le Pandémonium du présent,84,173,Revue Arguments,"Années 50 (Le ""Ghetto intellectuel"")"
Le Pandémonium du présent,173,85,Revue Arguments,"Années 50 (Le ""Ghetto intellectuel"")"
Le Pandémonium du présent,54,92,Revue Arguments,"Années 50 (Le ""Ghetto intellectuel"")"
Le Pandémonium du présent,1,92,Revue Arguments,"Années 50 (Le ""Ghetto intellectuel"")"
Le Pandémonium du présent,1,54,Revue Arguments,"Années 50 (Le ""Ghetto intellectuel"")"
Le Pandémonium du présent,1,85,Revue Arguments,"Années 50 (Le ""Ghetto intellectuel"")"
Le Pandémonium du présent,1,84,Revue Arguments,"Années 50 (Le ""Ghetto intellectuel"")"
Le Pandémonium du présent,1,68,Revue Arguments,"Années 50 (Le ""Ghetto intellectuel"")"
Le Pandémonium du présent,1,167,Revue Arguments,"Années 50 (Le ""Ghetto intellectuel"")"
Le Pandémonium du présent,1,88,Revue Arguments,"Années 50 (Le ""Ghetto intellectuel"")"
Le Pandémonium du présent,1,86,Revue Arguments,"Années 50 (Le ""Ghetto intellectuel"")"
Le Pandémonium du présent,1,95,Revue Arguments,"Années 50 (Le ""Ghetto intellectuel"")"
Le Pandémonium du présent,54,85,Revue Arguments,"Années 50 (Le ""Ghetto intellectuel"")"
Le Pandémonium du présent,54,84,Revue Arguments,"Années 50 (Le ""Ghetto intellectuel"")"
Le Pandémonium du présent,54,68,Revue Arguments,"Années 50 (Le ""Ghetto intellectuel"")"
Le Pandémonium du présent,54,167,Revue Arguments,"Années 50 (Le ""Ghetto intellectuel"")"
Le Pandémonium du présent,54,88,Revue Arguments,"Années 50 (Le ""Ghetto intellectuel"")"
Le Pandémonium du présent,54,86,Revue Arguments,"Années 50 (Le ""Ghetto intellectuel"")"
Le Pandémonium du présent,54,95,Revue Arguments,"Années 50 (Le ""Ghetto intellectuel"")"
Le Pandémonium du présent,85,84,Revue Arguments,"Années 50 (Le ""Ghetto intellectuel"")"
Le Pandémonium du présent,85,68,Revue Arguments,"Années 50 (Le ""Ghetto intellectuel"")"
Le Pandémonium du présent,85,167,Revue Arguments,"Années 50 (Le ""Ghetto intellectuel"")"
Le Pandémonium du présent,85,88,Revue Arguments,"Années 50 (Le ""Ghetto intellectuel"")"
Le Pandémonium du présent,85,86,Revue Arguments,"Années 50 (Le ""Ghetto intellectuel"")"
Le Pandémonium du présent,85,95,Revue Arguments,"Années 50 (Le ""Ghetto intellectuel"")"
Le Pandémonium du présent,84,68,Revue Arguments,"Années 50 (Le ""Ghetto intellectuel"")"
Le Pandémonium du présent,84,167,Revue Arguments,"Années 50 (Le ""Ghetto intellectuel"")"
Le Pandémonium du présent,84,88,Revue Arguments,"Années 50 (Le ""Ghetto intellectuel"")"
Le Pandémonium du présent,84,86,Revue Arguments,"Années 50 (Le ""Ghetto intellectuel"")"
Le Pandémonium du présent,84,95,Revue Arguments,"Années 50 (Le ""Ghetto intellectuel"")"
Le Pandémonium du présent,68,167,Revue Arguments,"Années 50 (Le ""Ghetto intellectuel"")"
Le Pandémonium du présent,68,88,Revue Arguments,"Années 50 (Le ""Ghetto intellectuel"")"
Le Pandémonium du présent,68,86,Revue Arguments,"Années 50 (Le ""Ghetto intellectuel"")"
Le Pandémonium du présent,1,100,Amitié,Inconnue
Le Pandémonium du présent,100,85,Amitié,Inconnue
Le Pandémonium du présent,1,85,Amitié,Inconnue
Le Pandémonium du présent,68,95,Revue Arguments,"Années 50 (Le ""Ghetto intellectuel"")"
Le Pandémonium du présent,167,88,Revue Arguments,"Années 50 (Le ""Ghetto intellectuel"")"
Le Pandémonium du présent,167,86,Revue Arguments,"Années 50 (Le ""Ghetto intellectuel"")"
Le Pandémonium du présent,167,95,Revue Arguments,"Années 50 (Le ""Ghetto intellectuel"")"
Le Pandémonium du présent,88,86,Revue Arguments,"Années 50 (Le ""Ghetto intellectuel"")"
Le Pandémonium du présent,88,95,Revue Arguments,"Années 50 (Le ""Ghetto intellectuel"")"
Le Pandémonium du présent,95,86,Revue Arguments,"Années 50 (Le ""Ghetto intellectuel"")"
Le Pandémonium du présent,1,226,Amitié,60's - 70's (Tours)
Le Pandémonium du présent,196,98,Sociologie,50's - 60's (La Sorbonne)
Le Pandémonium du présent,1,98,Sociologie,50's - 60's (La Sorbonne)
Le Pandémonium du présent,1,196,Sociologie,50's - 60's (La Sorbonne)
Le Pandémonium du présent,1,128,Amitié,50's - 60's (La Sorbonne)
Le Pandémonium du présent,1,170,Revue Théâtre populaire,"Années 50 (Le ""Ghetto intellectuel"")"
Le Pandémonium du présent,1,68,Revue Théâtre populaire,"Années 50 (Le ""Ghetto intellectuel"")"
Le Pandémonium du présent,1,69,Revue Théâtre populaire,"Années 50 (Le ""Ghetto intellectuel"")"
Le Pandémonium du présent,1,71,Revue Théâtre populaire,"Années 50 (Le ""Ghetto intellectuel"")"
Le Pandémonium du présent,1,70,Revue Théâtre populaire,"Années 50 (Le ""Ghetto intellectuel"")"
Le Pandémonium du présent,1,230,Revue Théâtre populaire,"Années 50 (Le ""Ghetto intellectuel"")"
Le Pandémonium du présent,170,68,Revue Théâtre populaire,"Années 50 (Le ""Ghetto intellectuel"")"
Le Pandémonium du présent,170,69,Revue Théâtre populaire,"Années 50 (Le ""Ghetto intellectuel"")"
Le Pandémonium du présent,170,71,Revue Théâtre populaire,"Années 50 (Le ""Ghetto intellectuel"")"
Le Pandémonium du présent,170,70,Revue Théâtre populaire,"Années 50 (Le ""Ghetto intellectuel"")"
Le Pandémonium du présent,170,230,Revue Théâtre populaire,"Années 50 (Le ""Ghetto intellectuel"")"
Le Pandémonium du présent,68,69,Revue Théâtre populaire,"Années 50 (Le ""Ghetto intellectuel"")"
Le Pandémonium du présent,68,71,Revue Théâtre populaire,"Années 50 (Le ""Ghetto intellectuel"")"
Le Pandémonium du présent,1,239,Tunisie,Tunisie
Le Pandémonium du présent,1,200,Tunisie,Tunisie
Le Pandémonium du présent,1,100,Tunisie,Tunisie
Le Pandémonium du présent,239,200,Tunisie,Tunisie
Le Pandémonium du présent,239,100,Tunisie,Tunisie
Le Pandémonium du présent,200,100,Tunisie,Tunisie
Le Pandémonium du présent,100,98,Tunisie,Tunisie
Le Pandémonium du présent,1,98,Tunisie,Tunisie
Le Pandémonium du présent,1,100,Tunisie,Tunisie
Le Pandémonium du présent,1,239,Tunisie,Tunisie
Le Pandémonium du présent,1,200,Tunisie,Tunisie
Le Pandémonium du présent,1,100,Tunisie,Tunisie
Le Pandémonium du présent,239,200,Tunisie,Tunisie
Le Pandémonium du présent,239,100,Tunisie,Tunisie
Le Pandémonium du présent,200,100,Tunisie,Tunisie
Le Pandémonium du présent,202,1,Tunisie,Tunisie
Le Pandémonium du présent,202,239,Tunisie,Tunisie
Le Pandémonium du présent,202,200,Tunisie,Tunisie
Le Pandémonium du présent,202,100,Tunisie,Tunisie
Le Pandémonium du présent,1,100,Tunisie,Tunisie
Le Pandémonium du présent,1,136,Tunisie,Tunisie
Le Pandémonium du présent,100,136,Tunisie,Tunisie
Le Pandémonium du présent,1,175,Sociologie,Inconnue
Le Pandémonium du présent,1,98,Sociologie,Inconnue
Le Pandémonium du présent,175,98,Sociologie,Inconnue
Le Pandémonium du présent,1,100,Amitié,Tunisie
Le Pandémonium du présent,1,99,Amitié,Inconnue
Le Pandémonium du présent,1,104,Chebika,Tunisie
Le Pandémonium du présent,1,240,Chebika,Tunisie
Le Pandémonium du présent,1,241,Chebika,Tunisie
Le Pandémonium du présent,1,242,Chebika,Tunisie
Le Pandémonium du présent,1,103,Chebika,Tunisie
Le Pandémonium du présent,104,240,Chebika,Tunisie
Le Pandémonium du présent,104,241,Chebika,Tunisie
Le Pandémonium du présent,104,242,Chebika,Tunisie
Le Pandémonium du présent,104,103,Chebika,Tunisie
Le Pandémonium du présent,240,241,Chebika,Tunisie
Le Pandémonium du présent,240,242,Chebika,Tunisie
Le Pandémonium du présent,240,103,Chebika,Tunisie
Le Pandémonium du présent,241,242,Chebika,Tunisie
Le Pandémonium du présent,241,103,Chebika,Tunisie
Le Pandémonium du présent,242,103,Chebika,Tunisie
Le Pandémonium du présent,1,197,Maison de Sidi Bou Said,Tunisie
Le Pandémonium du présent,1,128,Maison de Sidi Bou Said,Tunisie
Le Pandémonium du présent,1,99,Maison de Sidi Bou Said,Tunisie
Le Pandémonium du présent,1,243,Maison de Sidi Bou Said,Tunisie
Le Pandémonium du présent,1,120,Cinéma,60's - 70's (Tours)
Le Pandémonium du présent,1,14,N.R.F.,60's - 70's (Tours)
Le Pandémonium du présent,1,174,Amitié,Inconnue
Le Pandémonium du présent,1,119,Sociologie,60's - 70's (Tours)
Le Pandémonium du présent,1,130,Sociologie,60's - 70's (Tours)
Le Pandémonium du présent,130,119,Sociologie,60's - 70's (Tours)
Le Pandémonium du présent,1,124,Revue Cause Commune,60's - 70's (Tours)
Le Pandémonium du présent,1,95,Revue Cause Commune,60's - 70's (Tours)
Le Pandémonium du présent,1,133,Revue Cause Commune,60's - 70's (Tours)
Le Pandémonium du présent,1,106,Revue Cause Commune,60's - 70's (Tours)
Le Pandémonium du présent,1,127,Revue Cause Commune,60's - 70's (Tours)
Le Pandémonium du présent,1,209,Revue Cause Commune,60's - 70's (Tours)
Le Pandémonium du présent,1,122,Revue Cause Commune,60's - 70's (Tours)
Le Pandémonium du présent,1,245,Revue Cause Commune,60's - 70's (Tours)
Le Pandémonium du présent,1,45,Revue Cause Commune,60's - 70's (Tours)
Le Pandémonium du présent,1,246,Revue Cause Commune,60's - 70's (Tours)
Le Pandémonium du présent,1,247,Revue Cause Commune,60's - 70's (Tours)
Le Pandémonium du présent,1,128,Revue Cause Commune,60's - 70's (Tours)
Le Pandémonium du présent,1,111,Revue Cause Commune,60's - 70's (Tours)
Le Pandémonium du présent,1,210,Revue Cause Commune,60's - 70's (Tours)
Le Pandémonium du présent,1,118,Revue Cause Commune,60's - 70's (Tours)
Le Pandémonium du présent,124,95,Revue Cause Commune,60's - 70's (Tours)
Le Pandémonium du présent,124,133,Revue Cause Commune,60's - 70's (Tours)
Le Pandémonium du présent,124,106,Revue Cause Commune,60's - 70's (Tours)
Le Pandémonium du présent,124,127,Revue Cause Commune,60's - 70's (Tours)
Le Pandémonium du présent,124,209,Revue Cause Commune,60's - 70's (Tours)
Le Pandémonium du présent,124,122,Revue Cause Commune,60's - 70's (Tours)
Le Pandémonium du présent,124,245,Revue Cause Commune,60's - 70's (Tours)
Le Pandémonium du présent,124,45,Revue Cause Commune,60's - 70's (Tours)
Le Pandémonium du présent,124,246,Revue Cause Commune,60's - 70's (Tours)
Le Pandémonium du présent,124,247,Revue Cause Commune,60's - 70's (Tours)
Le Pandémonium du présent,124,128,Revue Cause Commune,60's - 70's (Tours)
Le Pandémonium du présent,124,111,Revue Cause Commune,60's - 70's (Tours)
Le Pandémonium du présent,124,210,Revue Cause Commune,60's - 70's (Tours)
Le Pandémonium du présent,124,118,Revue Cause Commune,60's - 70's (Tours)
Le Pandémonium du présent,95,133,Revue Cause Commune,60's - 70's (Tours)
Le Pandémonium du présent,95,106,Revue Cause Commune,60's - 70's (Tours)
Le Pandémonium du présent,95,127,Revue Cause Commune,60's - 70's (Tours)
Le Pandémonium du présent,95,209,Revue Cause Commune,60's - 70's (Tours)
Le Pandémonium du présent,95,122,Revue Cause Commune,60's - 70's (Tours)
Le Pandémonium du présent,95,245,Revue Cause Commune,60's - 70's (Tours)
Le Pandémonium du présent,95,45,Revue Cause Commune,60's - 70's (Tours)
Le Pandémonium du présent,95,246,Revue Cause Commune,60's - 70's (Tours)
Le Pandémonium du présent,95,247,Revue Cause Commune,60's - 70's (Tours)
Le Pandémonium du présent,95,128,Revue Cause Commune,60's - 70's (Tours)
Le Pandémonium du présent,95,111,Revue Cause Commune,60's - 70's (Tours)
Le Pandémonium du présent,95,210,Revue Cause Commune,60's - 70's (Tours)
Le Pandémonium du présent,95,118,Revue Cause Commune,60's - 70's (Tours)
Le Pandémonium du présent,1,100,Amitié,Sans
Le Pandémonium du présent,1,99,Amitié,Sans
Le Pandémonium du présent,100,99,Amitié,Sans
Le Pandémonium du présent,1,218,Maison des Cultures du Monde et Internationale de l'Imaginaire,1980's
Le Pandémonium du présent,1,217,Maison des Cultures du Monde et Internationale de l'Imaginaire,1980's
Le Pandémonium du présent,218,217,Maison des Cultures du Monde et Internationale de l'Imaginaire,1980's
Le Pandémonium du présent,1,222,Amitié,Sans
Le Pandémonium du présent,1,130,Famille,Sans
Le Pandémonium du présent,1,223,Famille,Sans
Le Pandémonium du présent,130,223,Famille,Sans
Le Pandémonium du présent,68,70,Revue Théâtre populaire,"Années 50 (Le ""Ghetto intellectuel"")"
Le Pandémonium du présent,68,230,Revue Théâtre populaire,"Années 50 (Le ""Ghetto intellectuel"")"
Le Pandémonium du présent,69,71,Revue Théâtre populaire,"Années 50 (Le ""Ghetto intellectuel"")"
Le Pandémonium du présent,69,70,Revue Théâtre populaire,"Années 50 (Le ""Ghetto intellectuel"")"
Le Pandémonium du présent,69,230,Revue Théâtre populaire,"Années 50 (Le ""Ghetto intellectuel"")"
Le Pandémonium du présent,71,70,Revue Théâtre populaire,"Années 50 (Le ""Ghetto intellectuel"")"
Le Pandémonium du présent,71,230,Revue Théâtre populaire,"Années 50 (Le ""Ghetto intellectuel"")"
Le Pandémonium du présent,70,230,Revue Théâtre populaire,"Années 50 (Le ""Ghetto intellectuel"")"
Le Pandémonium du présent,1,56,Sentimental,"Années 50 (Le ""Ghetto intellectuel"")"
Le Pandémonium du présent,1,67,Théâtre,"Années 50 (Le ""Ghetto intellectuel"")"
Le Pandémonium du présent,1,73,Théâtre,"Années 50 (Le ""Ghetto intellectuel"")"
Le Pandémonium du présent,1,60,Théâtre,"Années 50 (Le ""Ghetto intellectuel"")"
Le Pandémonium du présent,170,73,Théâtre,"Années 50 (Le ""Ghetto intellectuel"")"
Le Pandémonium du présent,73,60,Théâtre,"Années 50 (Le ""Ghetto intellectuel"")"
Le Pandémonium du présent,1,60,Théâtre,"Années 50 (Le ""Ghetto intellectuel"")"
Le Pandémonium du présent,1,68,Théâtre,"Années 50 (Le ""Ghetto intellectuel"")"
Le Pandémonium du présent,1,232,Théâtre,"Années 50 (Le ""Ghetto intellectuel"")"
Le Pandémonium du présent,1,60,Théâtre,"Années 50 (Le ""Ghetto intellectuel"")"
Le Pandémonium du présent,1,61,Théâtre,"Années 50 (Le ""Ghetto intellectuel"")"
Le Pandémonium du présent,60,61,Théâtre,"Années 50 (Le ""Ghetto intellectuel"")"
Le Pandémonium du présent,1,60,Théâtre,"Années 50 (Le ""Ghetto intellectuel"")"
Le Pandémonium du présent,1,58,Théâtre,"Années 50 (Le ""Ghetto intellectuel"")"
Le Pandémonium du présent,1,25,Théâtre,"Années 50 (Le ""Ghetto intellectuel"")"
Le Pandémonium du présent,1,62,Théâtre,"Années 50 (Le ""Ghetto intellectuel"")"
Le Pandémonium du présent,1,169,Théâtre,"Années 50 (Le ""Ghetto intellectuel"")"
Le Pandémonium du présent,1,66,Théâtre,"Années 50 (Le ""Ghetto intellectuel"")"
Le Pandémonium du présent,60,58,Théâtre,"Années 50 (Le ""Ghetto intellectuel"")"
Le Pandémonium du présent,60,25,Théâtre,"Années 50 (Le ""Ghetto intellectuel"")"
Le Pandémonium du présent,60,62,Théâtre,"Années 50 (Le ""Ghetto intellectuel"")"
Le Pandémonium du présent,60,169,Théâtre,"Années 50 (Le ""Ghetto intellectuel"")"
Le Pandémonium du présent,60,66,Théâtre,"Années 50 (Le ""Ghetto intellectuel"")"
Le Pandémonium du présent,58,25,Théâtre,"Années 50 (Le ""Ghetto intellectuel"")"
Le Pandémonium du présent,58,62,Théâtre,"Années 50 (Le ""Ghetto intellectuel"")"
Le Pandémonium du présent,58,169,Théâtre,"Années 50 (Le ""Ghetto intellectuel"")"
Le Pandémonium du présent,58,66,Théâtre,"Années 50 (Le ""Ghetto intellectuel"")"
Le Pandémonium du présent,25,62,Théâtre,"Années 50 (Le ""Ghetto intellectuel"")"
Le Pandémonium du présent,25,169,Théâtre,"Années 50 (Le ""Ghetto intellectuel"")"
Le Pandémonium du présent,25,66,Théâtre,"Années 50 (Le ""Ghetto intellectuel"")"
Le Pandémonium du présent,62,169,Théâtre,"Années 50 (Le ""Ghetto intellectuel"")"
Le Pandémonium du présent,62,66,Théâtre,"Années 50 (Le ""Ghetto intellectuel"")"
Le Pandémonium du présent,66,169,Théâtre,"Années 50 (Le ""Ghetto intellectuel"")"
Le Pandémonium du présent,1,58,Théâtre,"Années 50 (Le ""Ghetto intellectuel"")"
Le Pandémonium du présent,58,67,Théâtre,"Années 50 (Le ""Ghetto intellectuel"")"
Le Pandémonium du présent,67,30,Théâtre,"Années 50 (Le ""Ghetto intellectuel"")"
Le Pandémonium du présent,1,67,Théâtre,"Années 50 (Le ""Ghetto intellectuel"")"
Le Pandémonium du présent,1,58,Théâtre - Marée Basse,"Années 50 (Le ""Ghetto intellectuel"")"
Le Pandémonium du présent,1,224,Théâtre - Marée Basse,"Années 50 (Le ""Ghetto intellectuel"")"
Le Pandémonium du présent,1,76,Théâtre - Marée Basse,"Années 50 (Le ""Ghetto intellectuel"")"
Le Pandémonium du présent,1,77,Théâtre - Marée Basse,"Années 50 (Le ""Ghetto intellectuel"")"
Le Pandémonium du présent,1,25,Théâtre - Marée Basse,"Années 50 (Le ""Ghetto intellectuel"")"
Le Pandémonium du présent,58,224,Théâtre - Marée Basse,"Années 50 (Le ""Ghetto intellectuel"")"
Le Pandémonium du présent,58,76,Théâtre - Marée Basse,"Années 50 (Le ""Ghetto intellectuel"")"
Le Pandémonium du présent,58,77,Théâtre - Marée Basse,"Années 50 (Le ""Ghetto intellectuel"")"
Le Pandémonium du présent,58,25,Théâtre - Marée Basse,"Années 50 (Le ""Ghetto intellectuel"")"
Le Pandémonium du présent,224,76,Théâtre - Marée Basse,"Années 50 (Le ""Ghetto intellectuel"")"
Le Pandémonium du présent,224,77,Théâtre - Marée Basse,"Années 50 (Le ""Ghetto intellectuel"")"
Le Pandémonium du présent,224,25,Théâtre - Marée Basse,"Années 50 (Le ""Ghetto intellectuel"")"
Le Pandémonium du présent,76,77,Théâtre - Marée Basse,"Années 50 (Le ""Ghetto intellectuel"")"
Le Pandémonium du présent,76,25,Théâtre - Marée Basse,"Années 50 (Le ""Ghetto intellectuel"")"
Le Pandémonium du présent,77,25,Théâtre - Marée Basse,"Années 50 (Le ""Ghetto intellectuel"")"
Le Pandémonium du présent,1,95,Théâtre - Marée Basse,"Années 50 (Le ""Ghetto intellectuel"")"
Les Octos,1,85,Revue Arguments,50's - 60's (La Sorbonne)
Les Octos,1,88,Revue Arguments,50's - 60's (La Sorbonne)
Les Octos,1,54,Revue Arguments,50's - 60's (La Sorbonne)
Les Octos,1,84,Revue Arguments,50's - 60's (La Sorbonne)
Les Octos,85,88,Revue Arguments,50's - 60's (La Sorbonne)
Les Octos,85,54,Revue Arguments,50's - 60's (La Sorbonne)
Les Octos,85,84,Revue Arguments,50's - 60's (La Sorbonne)
Les Octos,88,54,Revue Arguments,50's - 60's (La Sorbonne)
Les Octos,88,84,Revue Arguments,50's - 60's (La Sorbonne)
Les Octos,84,54,Revue Arguments,50's - 60's (La Sorbonne)
Les Octos,125,1,Amitié,60's - 70's (Tours)
Les Octos,1,99,Maison de Sidi Bou Said,Tunisie
Les Octos,1,180,Maison de Sidi Bou Said,Tunisie
Les Octos,1,193,Maison de Sidi Bou Said,Tunisie
Les Octos,1,100,Maison de Sidi Bou Said,Tunisie
Les Octos,1,26,Maison de Sidi Bou Said,Tunisie
Les Octos,1,214,Maison de Sidi Bou Said,Tunisie
Les Octos,1,87,Maison de Sidi Bou Said,Tunisie
Les Octos,1,219,Maison de Sidi Bou Said,Tunisie
Les Octos,1,67,Mai 1968,60's - 70's (Tours)
Les Octos,1,124,Revue Cause Commune,60's - 70's (Tours)
Les Octos,1,95,Revue Cause Commune,60's - 70's (Tours)
Les Octos,124,95,Revue Cause Commune,60's - 70's (Tours)
Les Octos,95,106,Revue Cause Commune,60's - 70's (Tours)
Les Octos,1,106,Revue Cause Commune,60's - 70's (Tours)
Les Octos,1,128,Revue Cause Commune,60's - 70's (Tours)
Les Octos,1,95,Revue Cause Commune,60's - 70's (Tours)
Les Octos,1,220,Revue Cause Commune,60's - 70's (Tours)
Les Octos,1,124,Revue Cause Commune,60's - 70's (Tours)
Les Octos,1,119,Revue Cause Commune,60's - 70's (Tours)
Les Octos,1,107,Revue Cause Commune,60's - 70's (Tours)
Les Octos,1,129,Revue Cause Commune,60's - 70's (Tours)
Les Octos,1,135,Revue Cause Commune,60's - 70's (Tours)
Les Octos,1,130,Revue Cause Commune,60's - 70's (Tours)
Les Octos,1,132,Revue Cause Commune,60's - 70's (Tours)
Les Octos,1,131,Revue Cause Commune,60's - 70's (Tours)
Les Octos,1,133,Revue Cause Commune,60's - 70's (Tours)
Les Octos,1,134,Revue Cause Commune,60's - 70's (Tours)
Les Octos,1,127,Revue Cause Commune,60's - 70's (Tours)
Les Octos,1,217,Maison des Cultures du Monde et Internationale de l'Imaginaire,1980's
Les Octos,1,218,Maison des Cultures du Monde et Internationale de l'Imaginaire,1980's
Les Octos,217,218,Maison des Cultures du Monde et Internationale de l'Imaginaire,1980's
Les Octos,1,173,Edition,Sans
Les Octos,1,54,Edition,Sans
Les Octos,54,173,Edition,Sans
Les Octos,85,173,Edition,Sans
Les Octos,174,173,Edition,Sans
Les Octos,1,174,Edition,Sans
Les Octos,1,22,Edition,Sans
Les Octos,1,74,Edition,Sans
Les Octos,1,99,Edition,Sans
Les Octos,1,221,Edition,Sans
Les Octos,1,222,Edition,Sans
L'oubli,7,56,Amitié,"Années 50 (Le ""Ghetto intellectuel"")"
L'oubli,54,1,Amitié,"Années 50 (Le ""Ghetto intellectuel"")"
L'oubli,56,26,Cercle de Clara Malraux,"Années 50 (Le ""Ghetto intellectuel"")"
L'oubli,56,33,Cercle de Clara Malraux,"Années 50 (Le ""Ghetto intellectuel"")"
L'oubli,56,157,Cercle de Clara Malraux,"Années 50 (Le ""Ghetto intellectuel"")"
L'oubli,56,160,Cercle de Clara Malraux,"Années 50 (Le ""Ghetto intellectuel"")"
L'oubli,56,161,Cercle de Clara Malraux,"Années 50 (Le ""Ghetto intellectuel"")"
L'oubli,56,122,Cercle de Clara Malraux,"Années 50 (Le ""Ghetto intellectuel"")"
L'oubli,56,162,Cercle de Clara Malraux,"Années 50 (Le ""Ghetto intellectuel"")"
L'oubli,56,163,Cercle de Clara Malraux,"Années 50 (Le ""Ghetto intellectuel"")"
L'oubli,56,164,Cercle de Clara Malraux,"Années 50 (Le ""Ghetto intellectuel"")"
L'oubli,56,84,Cercle de Clara Malraux,"Années 50 (Le ""Ghetto intellectuel"")"
L'oubli,56,25,Cercle de Jean Atlan,"Années 50 (Le ""Ghetto intellectuel"")"
L'oubli,1,25,Cercle de Jean Atlan,"Années 50 (Le ""Ghetto intellectuel"")"
L'oubli,25,40,Cercle de Jean Atlan,"Années 50 (Le ""Ghetto intellectuel"")"
L'oubli,56,40,Cercle de Jean Atlan,"Années 50 (Le ""Ghetto intellectuel"")"
L'oubli,1,40,Cercle de Jean Atlan,"Années 50 (Le ""Ghetto intellectuel"")"
L'oubli,25,168,Cercle de Jean Atlan,"Années 50 (Le ""Ghetto intellectuel"")"
L'oubli,56,168,Cercle de Jean Atlan,"Années 50 (Le ""Ghetto intellectuel"")"
L'oubli,1,168,Cercle de Jean Atlan,"Années 50 (Le ""Ghetto intellectuel"")"
L'oubli,25,1,Cercle de Jean Atlan,"Années 50 (Le ""Ghetto intellectuel"")"
L'oubli,25,56,Cercle de Jean Atlan,"Années 50 (Le ""Ghetto intellectuel"")"
L'oubli,25,169,Cercle de Jean Atlan,"Années 50 (Le ""Ghetto intellectuel"")"
L'oubli,25,60,Cercle de Jean Atlan,"Années 50 (Le ""Ghetto intellectuel"")"
L'oubli,25,22,Cercle de Jean Atlan,"Années 50 (Le ""Ghetto intellectuel"")"
L'oubli,25,14,Cercle de Jean Atlan,"Années 50 (Le ""Ghetto intellectuel"")"
L'oubli,25,96,Cercle de Jean Atlan,"Années 50 (Le ""Ghetto intellectuel"")"
L'oubli,1,56,Cercle de Jean Atlan,"Années 50 (Le ""Ghetto intellectuel"")"
L'oubli,1,169,Cercle de Jean Atlan,"Années 50 (Le ""Ghetto intellectuel"")"
L'oubli,1,60,Cercle de Jean Atlan,"Années 50 (Le ""Ghetto intellectuel"")"
L'oubli,1,22,Cercle de Jean Atlan,"Années 50 (Le ""Ghetto intellectuel"")"
L'oubli,1,14,Cercle de Jean Atlan,"Années 50 (Le ""Ghetto intellectuel"")"
L'oubli,1,96,Cercle de Jean Atlan,"Années 50 (Le ""Ghetto intellectuel"")"
L'oubli,56,60,Cercle de Jean Atlan,"Années 50 (Le ""Ghetto intellectuel"")"
L'oubli,56,22,Cercle de Jean Atlan,"Années 50 (Le ""Ghetto intellectuel"")"
L'oubli,56,14,Cercle de Jean Atlan,"Années 50 (Le ""Ghetto intellectuel"")"
L'oubli,56,96,Cercle de Jean Atlan,"Années 50 (Le ""Ghetto intellectuel"")"
L'oubli,169,60,Cercle de Jean Atlan,"Années 50 (Le ""Ghetto intellectuel"")"
L'oubli,169,22,Cercle de Jean Atlan,"Années 50 (Le ""Ghetto intellectuel"")"
L'oubli,169,14,Cercle de Jean Atlan,"Années 50 (Le ""Ghetto intellectuel"")"
L'oubli,169,96,Cercle de Jean Atlan,"Années 50 (Le ""Ghetto intellectuel"")"
L'oubli,169,56,Cercle de Jean Atlan,"Années 50 (Le ""Ghetto intellectuel"")"
L'oubli,60,22,Cercle de Jean Atlan,"Années 50 (Le ""Ghetto intellectuel"")"
L'oubli,60,14,Cercle de Jean Atlan,"Années 50 (Le ""Ghetto intellectuel"")"
L'oubli,60,96,Cercle de Jean Atlan,"Années 50 (Le ""Ghetto intellectuel"")"
L'oubli,22,14,Cercle de Jean Atlan,"Années 50 (Le ""Ghetto intellectuel"")"
L'oubli,22,96,Cercle de Jean Atlan,"Années 50 (Le ""Ghetto intellectuel"")"
L'oubli,14,96,Cercle de Jean Atlan,"Années 50 (Le ""Ghetto intellectuel"")"
L'oubli,25,58,Cercle de Jean Atlan,"Années 50 (Le ""Ghetto intellectuel"")"
L'oubli,25,1,Cercle de Jean Atlan,"Années 50 (Le ""Ghetto intellectuel"")"
L'oubli,1,58,Cercle de Jean Atlan,"Années 50 (Le ""Ghetto intellectuel"")"
L'oubli,39,1,Les surrealistes,"Années 50 (Le ""Ghetto intellectuel"")"
L'oubli,26,1,N.R.F.,"Années 50 (Le ""Ghetto intellectuel"")"
L'oubli,1,152,Professorat,"Années 50 (Le ""Ghetto intellectuel"")"
L'oubli,1,33,Professorat,"Années 50 (Le ""Ghetto intellectuel"")"
L'oubli,1,54,Revue Arguments,"Années 50 (Le ""Ghetto intellectuel"")"
L'oubli,1,172,Revue Arguments,"Années 50 (Le ""Ghetto intellectuel"")"
L'oubli,1,33,Revue Arguments,"Années 50 (Le ""Ghetto intellectuel"")"
L'oubli,1,173,Revue Arguments,"Années 50 (Le ""Ghetto intellectuel"")"
L'oubli,54,172,Revue Arguments,"Années 50 (Le ""Ghetto intellectuel"")"
L'oubli,54,33,Revue Arguments,"Années 50 (Le ""Ghetto intellectuel"")"
L'oubli,54,173,Revue Arguments,"Années 50 (Le ""Ghetto intellectuel"")"
L'oubli,172,33,Revue Arguments,"Années 50 (Le ""Ghetto intellectuel"")"
L'oubli,172,173,Revue Arguments,"Années 50 (Le ""Ghetto intellectuel"")"
L'oubli,33,173,Revue Arguments,"Années 50 (Le ""Ghetto intellectuel"")"
L'oubli,1,68,Revue Arguments,"Années 50 (Le ""Ghetto intellectuel"")"
L'oubli,1,83,Revue Arguments,"Années 50 (Le ""Ghetto intellectuel"")"
L'oubli,1,54,Revue Arguments,"Années 50 (Le ""Ghetto intellectuel"")"
L'oubli,68,83,Revue Arguments,"Années 50 (Le ""Ghetto intellectuel"")"
L'oubli,68,54,Revue Arguments,"Années 50 (Le ""Ghetto intellectuel"")"
L'oubli,83,54,Revue Arguments,"Années 50 (Le ""Ghetto intellectuel"")"
L'oubli,1,68,Revue Arguments,"Années 50 (Le ""Ghetto intellectuel"")"
L'oubli,1,84,Revue Arguments,"Années 50 (Le ""Ghetto intellectuel"")"
L'oubli,1,88,Revue Arguments,"Années 50 (Le ""Ghetto intellectuel"")"
L'oubli,1,85,Revue Arguments,"Années 50 (Le ""Ghetto intellectuel"")"
L'oubli,83,84,Revue Arguments,"Années 50 (Le ""Ghetto intellectuel"")"
L'oubli,83,88,Revue Arguments,"Années 50 (Le ""Ghetto intellectuel"")"
L'oubli,83,85,Revue Arguments,"Années 50 (Le ""Ghetto intellectuel"")"
L'oubli,54,84,Revue Arguments,"Années 50 (Le ""Ghetto intellectuel"")"
L'oubli,54,88,Revue Arguments,"Années 50 (Le ""Ghetto intellectuel"")"
L'oubli,54,85,Revue Arguments,"Années 50 (Le ""Ghetto intellectuel"")"
L'oubli,68,84,Revue Arguments,"Années 50 (Le ""Ghetto intellectuel"")"
L'oubli,68,88,Revue Arguments,"Années 50 (Le ""Ghetto intellectuel"")"
L'oubli,1,100,Revue Arguments,"Années 50 (Le ""Ghetto intellectuel"")"
L'oubli,1,175,Revue Arguments,"Années 50 (Le ""Ghetto intellectuel"")"
L'oubli,1,167,Revue Arguments,"Années 50 (Le ""Ghetto intellectuel"")"
L'oubli,1,68,Revue Arguments,"Années 50 (Le ""Ghetto intellectuel"")"
L'oubli,1,54,Revue Arguments,"Années 50 (Le ""Ghetto intellectuel"")"
L'oubli,1,94,Revue Arguments,"Années 50 (Le ""Ghetto intellectuel"")"
L'oubli,172,1,Revue Arguments,"Années 50 (Le ""Ghetto intellectuel"")"
L'oubli,172,93,Revue Arguments,"Années 50 (Le ""Ghetto intellectuel"")"
L'oubli,1,93,Revue Arguments,"Années 50 (Le ""Ghetto intellectuel"")"
L'oubli,1,54,Revue Arguments,"Années 50 (Le ""Ghetto intellectuel"")"
L'oubli,1,85,Revue Arguments,"Années 50 (Le ""Ghetto intellectuel"")"
L'oubli,1,95,Revue Arguments,"Années 50 (Le ""Ghetto intellectuel"")"
L'oubli,56,1,Revue Contemporains,"Années 50 (Le ""Ghetto intellectuel"")"
L'oubli,56,33,Revue Contemporains,"Années 50 (Le ""Ghetto intellectuel"")"
L'oubli,56,22,Revue Contemporains,"Années 50 (Le ""Ghetto intellectuel"")"
L'oubli,56,165,Revue Contemporains,"Années 50 (Le ""Ghetto intellectuel"")"
L'oubli,56,49,Revue Contemporains,"Années 50 (Le ""Ghetto intellectuel"")"
L'oubli,56,26,Revue Contemporains,"Années 50 (Le ""Ghetto intellectuel"")"
L'oubli,56,157,Revue Contemporains,"Années 50 (Le ""Ghetto intellectuel"")"
L'oubli,56,65,Revue Contemporains,"Années 50 (Le ""Ghetto intellectuel"")"
L'oubli,56,166,Revue Contemporains,"Années 50 (Le ""Ghetto intellectuel"")"
L'oubli,56,167,Revue Contemporains,"Années 50 (Le ""Ghetto intellectuel"")"
L'oubli,1,139,Khâgne,Occupation
L'oubli,1,138,Khâgne,Occupation
L'oubli,138,139,Khâgne,Occupation
L'oubli,1,5,Khâgne,Occupation
L'oubli,1,5,Khâgne,Occupation
L'oubli,1,5,Khâgne,Occupation
L'oubli,1,140,Khâgne,Occupation
L'oubli,1,24,Khâgne,Occupation
L'oubli,1,153,Khâgne,Occupation
L'oubli,140,1,Revue Les Cahiers du Sud,Occupation
L'oubli,140,145,Revue Les Cahiers du Sud,Occupation
L'oubli,140,141,Revue Les Cahiers du Sud,Occupation
L'oubli,140,142,Revue Les Cahiers du Sud,Occupation
L'oubli,140,143,Revue Les Cahiers du Sud,Occupation
L'oubli,140,144,Revue Les Cahiers du Sud,Occupation
L'oubli,1,145,Revue Les Cahiers du Sud,Occupation
L'oubli,1,141,Revue Les Cahiers du Sud,Occupation
L'oubli,1,142,Revue Les Cahiers du Sud,Occupation
L'oubli,1,143,Revue Les Cahiers du Sud,Occupation
L'oubli,1,144,Revue Les Cahiers du Sud,Occupation
L'oubli,145,141,Revue Les Cahiers du Sud,Occupation
L'oubli,145,142,Revue Les Cahiers du Sud,Occupation
L'oubli,145,143,Revue Les Cahiers du Sud,Occupation
L'oubli,145,144,Revue Les Cahiers du Sud,Occupation
L'oubli,141,142,Revue Les Cahiers du Sud,Occupation
L'oubli,141,143,Revue Les Cahiers du Sud,Occupation
L'oubli,141,144,Revue Les Cahiers du Sud,Occupation
L'oubli,142,143,Revue Les Cahiers du Sud,Occupation
L'oubli,142,144,Revue Les Cahiers du Sud,Occupation
L'oubli,143,144,Revue Les Cahiers du Sud,Occupation
L'oubli,6,1,Khâgne,Occupation
L'oubli,1,133,Sans,60's - 70's (Tours)
L'oubli,7,1,Resistance,Occupation
L'oubli,1,147,Khâgne,Occupation
L'oubli,1,146,Khâgne,Occupation
L'oubli,6,12,Resistance,Occupation
L'oubli,6,1,Resistance,Occupation
L'oubli,1,12,Resistance,Occupation
L'oubli,12,14,Resistance,Occupation
L'oubli,1,14,Resistance,Occupation
L'oubli,154,1,Resistance,Occupation
L'oubli,154,8,Resistance,Occupation
L'oubli,8,1,Resistance,Occupation
L'oubli,9,1,Khâgne,Occupation
L'oubli,1,155,Khâgne,Occupation
L'oubli,1,9,Khâgne,Occupation
L'oubli,1,150,Amitié,Occupation
L'oubli,1,10,Amitié,Occupation
L'oubli,24,1,Amitié,Occupation
L'oubli,24,11,Amitié,Occupation
L'oubli,1,11,Amitié,Occupation
L'oubli,156,1,Khâgne,Occupation
L'oubli,1,11,Amitié,Occupation
L'oubli,11,1,Amitié,Occupation
L'oubli,11,1,Sentimental,Occupation
L'oubli,1,11,Amitié,Après-Guerre
L'oubli,24,1,Amitié,Après-Guerre
L'oubli,1,151,Communisme,Après-Guerre
L'oubli,151,98,Communisme,Après-Guerre
L'oubli,151,30,Communisme,Après-Guerre
L'oubli,151,40,Communisme,Après-Guerre
L'oubli,151,158,Communisme,Après-Guerre
L'oubli,158,140,Communisme,Après-Guerre
L'oubli,1,148,Inconnue,Sans
L'oubli,1,24,Communisme,Après-Guerre
L'oubli,1,149,Communisme,Après-Guerre
L'oubli,24,149,Communisme,Après-Guerre
L'oubli,1,45,Communisme,Après-Guerre
L'oubli,149,45,Communisme,Après-Guerre
L'oubli,24,45,Communisme,Après-Guerre
L'oubli,33,1,Communisme,Après-Guerre
L'oubli,33,49,Communisme,Après-Guerre
L'oubli,33,47,Communisme,Après-Guerre
L'oubli,33,48,Communisme,Après-Guerre
L'oubli,33,159,Communisme,Après-Guerre
L'oubli,1,49,Communisme,Après-Guerre
L'oubli,1,47,Communisme,Après-Guerre
L'oubli,1,48,Communisme,Après-Guerre
L'oubli,1,159,Communisme,Après-Guerre
L'oubli,49,47,Communisme,Après-Guerre
L'oubli,49,48,Communisme,Après-Guerre
L'oubli,49,159,Communisme,Après-Guerre
L'oubli,47,48,Communisme,Après-Guerre
L'oubli,47,159,Communisme,Après-Guerre
L'oubli,159,48,Communisme,Après-Guerre
L'oubli,1,159,Communisme,Après-Guerre
L'oubli,45,159,Communisme,Après-Guerre
L'oubli,1,45,Communisme,Après-Guerre
L'oubli,1,28,Littérature,Après-Guerre
L'oubli,28,30,Littérature,Après-Guerre
L'oubli,30,31,Littérature,Après-Guerre
L'oubli,31,1,Revue Temps Modernes,Après-Guerre
L'oubli,29,1,Amitié,Après-Guerre
L'oubli,1,7,Amitié,Après-Guerre
L'oubli,56,54,Resistance,Occupation
L'oubli,1,71,Revue Théâtre populaire,"Années 50 (Le ""Ghetto intellectuel"")"
L'oubli,1,170,Revue Théâtre populaire,"Années 50 (Le ""Ghetto intellectuel"")"
L'oubli,1,69,Revue Théâtre populaire,"Années 50 (Le ""Ghetto intellectuel"")"
L'oubli,1,68,Revue Théâtre populaire,"Années 50 (Le ""Ghetto intellectuel"")"
L'oubli,71,170,Revue Théâtre populaire,"Années 50 (Le ""Ghetto intellectuel"")"
L'oubli,71,69,Revue Théâtre populaire,"Années 50 (Le ""Ghetto intellectuel"")"
L'oubli,71,68,Revue Théâtre populaire,"Années 50 (Le ""Ghetto intellectuel"")"
L'oubli,170,69,Revue Théâtre populaire,"Années 50 (Le ""Ghetto intellectuel"")"
L'oubli,170,68,Revue Théâtre populaire,"Années 50 (Le ""Ghetto intellectuel"")"
L'oubli,69,68,Revue Théâtre populaire,"Années 50 (Le ""Ghetto intellectuel"")"
L'oubli,56,1,Sentimental,"Années 50 (Le ""Ghetto intellectuel"")"
L'oubli,1,95,Socialisme,"Années 50 (Le ""Ghetto intellectuel"")"
L'oubli,95,26,Socialisme,"Années 50 (Le ""Ghetto intellectuel"")"
L'oubli,1,26,Socialisme,"Années 50 (Le ""Ghetto intellectuel"")"
L'oubli,1,45,Socialisme,"Années 50 (Le ""Ghetto intellectuel"")"
L'oubli,1,98,Socialisme,"Années 50 (Le ""Ghetto intellectuel"")"
L'oubli,1,58,Théâtre,"Années 50 (Le ""Ghetto intellectuel"")"
L'oubli,58,76,Théâtre,"Années 50 (Le ""Ghetto intellectuel"")"
L'oubli,1,58,Théâtre,"Années 50 (Le ""Ghetto intellectuel"")"
L'oubli,1,60,Théâtre,"Années 50 (Le ""Ghetto intellectuel"")"
L'oubli,1,63,Théâtre,"Années 50 (Le ""Ghetto intellectuel"")"
L'oubli,1,25,Théâtre,"Années 50 (Le ""Ghetto intellectuel"")"
L'oubli,1,171,Théâtre,"Années 50 (Le ""Ghetto intellectuel"")"
L'oubli,58,60,Théâtre,"Années 50 (Le ""Ghetto intellectuel"")"
L'oubli,58,63,Théâtre,"Années 50 (Le ""Ghetto intellectuel"")"
L'oubli,58,25,Théâtre,"Années 50 (Le ""Ghetto intellectuel"")"
L'oubli,58,171,Théâtre,"Années 50 (Le ""Ghetto intellectuel"")"
L'oubli,60,63,Théâtre,"Années 50 (Le ""Ghetto intellectuel"")"
L'oubli,60,25,Théâtre,"Années 50 (Le ""Ghetto intellectuel"")"
L'oubli,60,171,Théâtre,"Années 50 (Le ""Ghetto intellectuel"")"
L'oubli,63,25,Théâtre,"Années 50 (Le ""Ghetto intellectuel"")"
L'oubli,63,171,Théâtre,"Années 50 (Le ""Ghetto intellectuel"")"
L'oubli,171,25,Théâtre,"Années 50 (Le ""Ghetto intellectuel"")"
L'oubli,1,176,Revue Arguments,1980's
L'oubli,1,177,Revue Arguments,1980's
L'oubli,1,178,Maison de Sidi Bou Said,Tunisie
L'oubli,1,95,Maison de Sidi Bou Said,Tunisie
L'oubli,1,99,Maison de Sidi Bou Said,Tunisie
L'oubli,1,179,Maison de Sidi Bou Said,Tunisie
L'oubli,1,180,Maison de Sidi Bou Said,Tunisie
L'oubli,1,179,Maison de Sidi Bou Said,Tunisie
L'oubli,1,181,Maison de Sidi Bou Said,Tunisie
L'oubli,179,181,Maison de Sidi Bou Said,Tunisie
L'oubli,1,182,Maison de Sidi Bou Said,Tunisie
L'oubli,1,183,Maison de Sidi Bou Said,Tunisie
L'oubli,182,183,Maison de Sidi Bou Said,Tunisie
L'oubli,1,184,Maison de Sidi Bou Said,Tunisie
L'oubli,1,136,Maison de Sidi Bou Said,Tunisie
L'oubli,136,185,Maison de Sidi Bou Said,Tunisie
L'oubli,1,185,Maison de Sidi Bou Said,Tunisie
L'oubli,1,54,Maison de Sidi Bou Said,Tunisie
L'oubli,186,187,Maison de Sidi Bou Said,Tunisie
L'oubli,1,186,Maison de Sidi Bou Said,Tunisie
L'oubli,1,187,Maison de Sidi Bou Said,Tunisie
L'oubli,1,188,Maison de Sidi Bou Said,Tunisie
L'oubli,1,189,Maison de Sidi Bou Said,Tunisie
L'oubli,1,190,Maison de Sidi Bou Said,Tunisie
L'oubli,188,189,Maison de Sidi Bou Said,Tunisie
L'oubli,188,190,Maison de Sidi Bou Said,Tunisie
L'oubli,190,189,Maison de Sidi Bou Said,Tunisie
L'oubli,1,191,Maison de Sidi Bou Said,Tunisie
L'oubli,1,192,Maison de Sidi Bou Said,Tunisie
L'oubli,1,193,Maison de Sidi Bou Said,Tunisie
L'oubli,101,1,Maison de Sidi Bou Said,Tunisie
L'oubli,1,95,Maison de Sidi Bou Said,Tunisie
L'oubli,101,95,Maison de Sidi Bou Said,Tunisie
L'oubli,1,194,Théâtre,Tunisie
L'oubli,1,100,Maison de Sidi Bou Said,Tunisie
L'oubli,1,26,Maison de Sidi Bou Said,Tunisie
L'oubli,96,98,Maison de Sidi Bou Said,Tunisie
L'oubli,96,1,Maison de Sidi Bou Said,Tunisie
L'oubli,96,195,Maison de Sidi Bou Said,Tunisie
L'oubli,1,195,Maison de Sidi Bou Said,Tunisie
L'oubli,98,195,Maison de Sidi Bou Said,Tunisie
L'oubli,98,1,Maison de Sidi Bou Said,Tunisie
L'oubli,196,98,Sociologie - Carriere universitaire,50's - 60's (La Sorbonne)
L'oubli,196,1,Sociologie - Carriere universitaire,50's - 60's (La Sorbonne)
L'oubli,98,1,Sociologie - Carriere universitaire,50's - 60's (La Sorbonne)
L'oubli,1,103,Chebika,Tunisie
L'oubli,1,100,Chebika,Tunisie
L'oubli,1,128,Chebika,Tunisie
L'oubli,1,45,Chebika,Tunisie
L'oubli,1,197,Chebika,Tunisie
L'oubli,1,104,Chebika,Tunisie
L'oubli,1,198,Chebika,Tunisie
L'oubli,198,104,Chebika,Tunisie
L'oubli,199,1,Chebika,Tunisie
L'oubli,3,1,Sans,Sans
L'oubli,60,1,Littérature,50's - 60's (La Sorbonne)
L'oubli,169,1,Littérature,50's - 60's (La Sorbonne)
L'oubli,60,169,Littérature,50's - 60's (La Sorbonne)
L'oubli,1,86,Littérature,50's - 60's (La Sorbonne)
L'oubli,1,120,Cinéma,60's - 70's (Tours)
L'oubli,1,123,Théâtre,50's - 60's (La Sorbonne)
L'oubli,67,58,Théâtre,50's - 60's (La Sorbonne)
L'oubli,58,1,Théâtre,50's - 60's (La Sorbonne)
L'oubli,1,67,Théâtre,50's - 60's (La Sorbonne)
L'oubli,1,200,Sans,Tunisie
L'oubli,1,201,Sans,Tunisie
L'oubli,100,1,Sans,Tunisie
L'oubli,202,1,Sans,Tunisie
L'oubli,200,100,Sans,Tunisie
L'oubli,200,202,Sans,Tunisie
L'oubli,145,1,Sans,Tunisie
L'oubli,1,203,Sociologie - Carriere universitaire,60's - 70's (Tours)
L'oubli,1,204,Sociologie - Carriere universitaire,60's - 70's (Tours)
L'oubli,1,205,Sociologie - Carriere universitaire,60's - 70's (Tours)
L'oubli,1,206,Sociologie - Carriere universitaire,60's - 70's (Tours)
L'oubli,1,207,Sociologie - Carriere universitaire,60's - 70's (Tours)
L'oubli,1,119,Sociologie - Carriere universitaire,60's - 70's (Tours)
L'oubli,1,95,Revue Cause Commune,60's - 70's (Tours)
L'oubli,1,124,Revue Cause Commune,60's - 70's (Tours)
L'oubli,95,124,Revue Cause Commune,60's - 70's (Tours)
L'oubli,1,208,Revue Cause Commune,60's - 70's (Tours)
L'oubli,1,45,Revue Cause Commune,60's - 70's (Tours)
L'oubli,1,209,Revue Cause Commune,60's - 70's (Tours)
L'oubli,1,210,Revue Cause Commune,60's - 70's (Tours)
L'oubli,1,122,Revue Cause Commune,60's - 70's (Tours)
L'oubli,1,128,Revue Cause Commune,60's - 70's (Tours)
L'oubli,1,106,Revue Cause Commune,60's - 70's (Tours)
L'oubli,1,133,Revue Cause Commune,60's - 70's (Tours)
L'oubli,208,45,Revue Cause Commune,60's - 70's (Tours)
L'oubli,208,209,Revue Cause Commune,60's - 70's (Tours)
L'oubli,208,210,Revue Cause Commune,60's - 70's (Tours)
L'oubli,208,122,Revue Cause Commune,60's - 70's (Tours)
L'oubli,208,128,Revue Cause Commune,60's - 70's (Tours)
L'oubli,208,106,Revue Cause Commune,60's - 70's (Tours)
L'oubli,208,133,Revue Cause Commune,60's - 70's (Tours)
L'oubli,45,209,Revue Cause Commune,60's - 70's (Tours)
L'oubli,45,210,Revue Cause Commune,60's - 70's (Tours)
L'oubli,45,122,Revue Cause Commune,60's - 70's (Tours)
L'oubli,45,128,Revue Cause Commune,60's - 70's (Tours)
L'oubli,45,106,Revue Cause Commune,60's - 70's (Tours)
L'oubli,45,133,Revue Cause Commune,60's - 70's (Tours)
L'oubli,210,122,Revue Cause Commune,60's - 70's (Tours)
L'oubli,210,128,Revue Cause Commune,60's - 70's (Tours)
L'oubli,210,106,Revue Cause Commune,60's - 70's (Tours)
L'oubli,210,133,Revue Cause Commune,60's - 70's (Tours)
L'oubli,122,128,Revue Cause Commune,60's - 70's (Tours)
L'oubli,122,106,Revue Cause Commune,60's - 70's (Tours)
L'oubli,122,133,Revue Cause Commune,60's - 70's (Tours)
L'oubli,128,106,Revue Cause Commune,60's - 70's (Tours)
L'oubli,128,133,Revue Cause Commune,60's - 70's (Tours)
L'oubli,133,106,Revue Cause Commune,60's - 70's (Tours)
L'oubli,95,208,Revue Cause Commune,60's - 70's (Tours)
L'oubli,95,45,Revue Cause Commune,60's - 70's (Tours)
L'oubli,95,209,Revue Cause Commune,60's - 70's (Tours)
L'oubli,95,210,Revue Cause Commune,60's - 70's (Tours)
L'oubli,95,122,Revue Cause Commune,60's - 70's (Tours)
L'oubli,95,128,Revue Cause Commune,60's - 70's (Tours)
L'oubli,95,106,Revue Cause Commune,60's - 70's (Tours)
L'oubli,95,133,Revue Cause Commune,60's - 70's (Tours)
L'oubli,124,208,Revue Cause Commune,60's - 70's (Tours)
L'oubli,124,45,Revue Cause Commune,60's - 70's (Tours)
L'oubli,124,209,Revue Cause Commune,60's - 70's (Tours)
L'oubli,124,210,Revue Cause Commune,60's - 70's (Tours)
L'oubli,124,122,Revue Cause Commune,60's - 70's (Tours)
L'oubli,124,128,Revue Cause Commune,60's - 70's (Tours)
L'oubli,124,106,Revue Cause Commune,60's - 70's (Tours)
L'oubli,124,133,Revue Cause Commune,60's - 70's (Tours)
L'oubli,1,95,Revue Cause Commune,60's - 70's (Tours)
L'oubli,124,95,Revue Cause Commune,60's - 70's (Tours)
L'oubli,1,124,Revue Cause Commune,60's - 70's (Tours)
L'oubli,1,95,Revue Cause Commune,60's - 70's (Tours)
L'oubli,124,95,Revue Cause Commune,60's - 70's (Tours)
L'oubli,1,124,Revue Cause Commune,60's - 70's (Tours)
L'oubli,1,100,Revue Cause Commune,60's - 70's (Tours)
L'oubli,1,111,Revue Cause Commune,60's - 70's (Tours)
L'oubli,1,212,Revue Cause Commune,60's - 70's (Tours)
L'oubli,1,213,Revue Cause Commune,60's - 70's (Tours)
L'oubli,124,100,Revue Cause Commune,60's - 70's (Tours)
L'oubli,124,111,Revue Cause Commune,60's - 70's (Tours)
L'oubli,124,212,Revue Cause Commune,60's - 70's (Tours)
L'oubli,124,213,Revue Cause Commune,60's - 70's (Tours)
L'oubli,95,100,Revue Cause Commune,60's - 70's (Tours)
L'oubli,95,111,Revue Cause Commune,60's - 70's (Tours)
L'oubli,95,212,Revue Cause Commune,60's - 70's (Tours)
L'oubli,95,213,Revue Cause Commune,60's - 70's (Tours)
L'oubli,100,111,Revue Cause Commune,60's - 70's (Tours)
L'oubli,100,212,Revue Cause Commune,60's - 70's (Tours)
L'oubli,100,213,Revue Cause Commune,60's - 70's (Tours)
L'oubli,111,212,Revue Cause Commune,60's - 70's (Tours)
L'oubli,111,213,Revue Cause Commune,60's - 70's (Tours)
L'oubli,212,213,Revue Cause Commune,60's - 70's (Tours)
L'oubli,1,130,Sentimental,60's - 70's (Tours)
L'oubli,1,123,Amitié,60's - 70's (Tours)
L'oubli,1,214,Amitié,60's - 70's (Tours)
L'oubli,214,123,Amitié,60's - 70's (Tours)
L'oubli,1,130,Sentimental,60's - 70's (Tours)
L'oubli,1,215,Amitié,60's - 70's (Tours)
L'oubli,1,216,Amitié,60's - 70's (Tours)
L'oubli,1,99,Amitié,60's - 70's (Tours)
L'oubli,1,181,Amitié,60's - 70's (Tours)
L'oubli,1,100,Amitié,60's - 70's (Tours)
L'oubli,130,215,Amitié,60's - 70's (Tours)
L'oubli,130,216,Amitié,60's - 70's (Tours)
L'oubli,130,99,Amitié,60's - 70's (Tours)
L'oubli,130,181,Amitié,60's - 70's (Tours)
L'oubli,130,100,Amitié,60's - 70's (Tours)
L'oubli,215,216,Amitié,60's - 70's (Tours)
L'oubli,215,99,Amitié,60's - 70's (Tours)
L'oubli,215,181,Amitié,60's - 70's (Tours)
L'oubli,215,100,Amitié,60's - 70's (Tours)
L'oubli,216,99,Amitié,60's - 70's (Tours)
L'oubli,216,181,Amitié,60's - 70's (Tours)
L'oubli,216,100,Amitié,60's - 70's (Tours)
L'oubli,99,181,Amitié,60's - 70's (Tours)
L'oubli,99,100,Amitié,60's - 70's (Tours)
L'oubli,181,100,Amitié,60's - 70's (Tours)
L'oubli,1,217,Maison des Cultures du Monde et Internationale de l'Imaginaire,1980's
L'oubli,1,218,Maison des Cultures du Monde et Internationale de l'Imaginaire,1980's
L'oubli,217,218,Maison des Cultures du Monde et Internationale de l'Imaginaire,1980's
L'oubli,1,125,Amitié,60's - 70's (Tours)
L'oubli,1,125,Amitié,60's - 70's (Tours)
L'oubli,1,125,Amitié,1980's
L'oubli,1,137,Tunisie,Tunisie
Pandémonium,1,199,Chebika,Tunisie
Pandémonium,1,244,Chebika,Tunisie
Pandémonium,244,199,Chebika,Tunisie
Le ça Perché,72,73,Théâtre,"Années 50 (Le ""Ghetto intellectuel"")"
Le ca perche,1,109,Théâtre,60's - 70's (Tours)
Le ca perche,1,110,Théâtre,60's - 70's (Tours)
Le ca perche,158,30,Communisme,Après-Guerre
